r(m), E_r(T), E_theta(T), E_z(T) 
0.00000e+00, 1.84402e+09, 0.00000e+00, 0.00000e+00 
2.50000e-03, 1.84390e+09, 0.00000e+00, 6.37491e-15 
5.00000e-03, 1.84354e+09, 0.00000e+00, 1.27490e-14 
7.50000e-03, 1.84295e+09, 0.00000e+00, 1.91213e-14 
1.00000e-02, 1.84212e+09, 0.00000e+00, 2.54911e-14 
1.25000e-02, 1.84105e+09, 0.00000e+00, 3.18576e-14 
1.50000e-02, 1.83974e+09, 0.00000e+00, 3.82197e-14 
1.75000e-02, 1.83819e+09, 0.00000e+00, 4.45768e-14 
2.00000e-02, 1.83641e+09, 0.00000e+00, 5.09280e-14 
2.25000e-02, 1.83439e+09, 0.00000e+00, 5.72723e-14 
2.50000e-02, 1.83214e+09, 0.00000e+00, 6.36091e-14 
2.75000e-02, 1.82964e+09, 0.00000e+00, 6.99374e-14 
3.00000e-02, 1.82691e+09, 0.00000e+00, 7.62563e-14 
3.25000e-02, 1.82395e+09, 0.00000e+00, 8.25651e-14 
3.50000e-02, 1.82075e+09, 0.00000e+00, 8.88630e-14 
3.75000e-02, 1.81732e+09, 0.00000e+00, 9.51490e-14 
4.00000e-02, 1.81365e+09, 0.00000e+00, 1.01422e-13 
4.25000e-02, 1.80975e+09, 0.00000e+00, 1.07682e-13 
4.50000e-02, 1.80562e+09, 0.00000e+00, 1.13928e-13 
4.75000e-02, 1.80125e+09, 0.00000e+00, 1.20158e-13 
5.00000e-02, 1.79665e+09, 0.00000e+00, 1.26372e-13 
5.25000e-02, 1.79182e+09, 0.00000e+00, 1.32570e-13 
5.50000e-02, 1.78676e+09, 0.00000e+00, 1.38750e-13 
5.75000e-02, 1.78148e+09, 0.00000e+00, 1.44911e-13 
6.00000e-02, 1.77596e+09, 0.00000e+00, 1.51053e-13 
6.25000e-02, 1.77021e+09, 0.00000e+00, 1.57176e-13 
6.50000e-02, 1.76424e+09, 0.00000e+00, 1.63277e-13 
6.75000e-02, 1.75804e+09, 0.00000e+00, 1.69356e-13 
7.00000e-02, 1.75162e+09, 0.00000e+00, 1.75413e-13 
7.25000e-02, 1.74497e+09, 0.00000e+00, 1.81447e-13 
7.50000e-02, 1.73809e+09, 0.00000e+00, 1.87456e-13 
7.75000e-02, 1.73100e+09, 0.00000e+00, 1.93441e-13 
8.00000e-02, 1.72368e+09, 0.00000e+00, 1.99400e-13 
8.25000e-02, 1.71615e+09, 0.00000e+00, 2.05333e-13 
8.50000e-02, 1.70839e+09, 0.00000e+00, 2.11238e-13 
8.75000e-02, 1.70042e+09, 0.00000e+00, 2.17115e-13 
9.00000e-02, 1.69223e+09, 0.00000e+00, 2.22963e-13 
9.25000e-02, 1.68382e+09, 0.00000e+00, 2.28782e-13 
9.50000e-02, 1.67520e+09, 0.00000e+00, 2.34570e-13 
9.75000e-02, 1.66637e+09, 0.00000e+00, 2.40327e-13 
1.00000e-01, 1.65732e+09, 0.00000e+00, 2.46053e-13 
1.02500e-01, 1.64806e+09, 0.00000e+00, 2.51746e-13 
1.05000e-01, 1.63860e+09, 0.00000e+00, 2.57405e-13 
1.07500e-01, 1.62892e+09, 0.00000e+00, 2.63030e-13 
1.10000e-01, 1.61904e+09, 0.00000e+00, 2.68620e-13 
1.12500e-01, 1.60896e+09, 0.00000e+00, 2.74175e-13 
1.15000e-01, 1.59867e+09, 0.00000e+00, 2.79694e-13 
1.17500e-01, 1.58818e+09, 0.00000e+00, 2.85175e-13 
1.20000e-01, 1.57749e+09, 0.00000e+00, 2.90619e-13 
1.22500e-01, 1.56660e+09, 0.00000e+00, 2.96024e-13 
1.25000e-01, 1.55551e+09, 0.00000e+00, 3.01390e-13 
1.27500e-01, 1.54423e+09, 0.00000e+00, 3.06716e-13 
1.30000e-01, 1.53275e+09, 0.00000e+00, 3.12001e-13 
1.32500e-01, 1.52108e+09, 0.00000e+00, 3.17246e-13 
1.35000e-01, 1.50922e+09, 0.00000e+00, 3.22448e-13 
1.37500e-01, 1.49717e+09, 0.00000e+00, 3.27608e-13 
1.40000e-01, 1.48494e+09, 0.00000e+00, 3.32724e-13 
1.42500e-01, 1.47252e+09, 0.00000e+00, 3.37796e-13 
1.45000e-01, 1.45991e+09, 0.00000e+00, 3.42824e-13 
1.47500e-01, 1.44713e+09, 0.00000e+00, 3.47807e-13 
1.50000e-01, 1.43416e+09, 0.00000e+00, 3.52743e-13 
1.52500e-01, 1.42102e+09, 0.00000e+00, 3.57634e-13 
1.55000e-01, 1.40770e+09, 0.00000e+00, 3.62476e-13 
1.57500e-01, 1.39420e+09, 0.00000e+00, 3.67272e-13 
1.60000e-01, 1.38054e+09, 0.00000e+00, 3.72018e-13 
1.62500e-01, 1.36670e+09, 0.00000e+00, 3.76716e-13 
1.65000e-01, 1.35270e+09, 0.00000e+00, 3.81364e-13 
1.67500e-01, 1.33853e+09, 0.00000e+00, 3.85962e-13 
1.70000e-01, 1.32420e+09, 0.00000e+00, 3.90509e-13 
1.72500e-01, 1.30970e+09, 0.00000e+00, 3.95005e-13 
1.75000e-01, 1.29504e+09, 0.00000e+00, 3.99449e-13 
1.77500e-01, 1.28023e+09, 0.00000e+00, 4.03840e-13 
1.80000e-01, 1.26526e+09, 0.00000e+00, 4.08178e-13 
1.82500e-01, 1.25014e+09, 0.00000e+00, 4.12463e-13 
1.85000e-01, 1.23487e+09, 0.00000e+00, 4.16693e-13 
1.87500e-01, 1.21945e+09, 0.00000e+00, 4.20869e-13 
1.90000e-01, 1.20388e+09, 0.00000e+00, 4.24989e-13 
1.92500e-01, 1.18817e+09, 0.00000e+00, 4.29054e-13 
1.95000e-01, 1.17231e+09, 0.00000e+00, 4.33063e-13 
1.97500e-01, 1.15632e+09, 0.00000e+00, 4.37014e-13 
2.00000e-01, 1.14019e+09, 0.00000e+00, 4.40909e-13 
2.02500e-01, 1.12392e+09, 0.00000e+00, 4.44746e-13 
2.05000e-01, 1.10753e+09, 0.00000e+00, 4.48524e-13 
2.07500e-01, 1.09100e+09, 0.00000e+00, 4.52244e-13 
2.10000e-01, 1.07434e+09, 0.00000e+00, 4.55905e-13 
2.12500e-01, 1.05756e+09, 0.00000e+00, 4.59507e-13 
2.15000e-01, 1.04065e+09, 0.00000e+00, 4.63048e-13 
2.17500e-01, 1.02363e+09, 0.00000e+00, 4.66529e-13 
2.20000e-01, 1.00649e+09, 0.00000e+00, 4.69949e-13 
2.22500e-01, 9.89227e+08, 0.00000e+00, 4.73307e-13 
2.25000e-01, 9.71855e+08, 0.00000e+00, 4.76605e-13 
2.27500e-01, 9.54373e+08, 0.00000e+00, 4.79840e-13 
2.30000e-01, 9.36783e+08, 0.00000e+00, 4.83012e-13 
2.32500e-01, 9.19087e+08, 0.00000e+00, 4.86122e-13 
2.35000e-01, 9.01289e+08, 0.00000e+00, 4.89168e-13 
2.37500e-01, 8.83390e+08, 0.00000e+00, 4.92151e-13 
2.40000e-01, 8.65394e+08, 0.00000e+00, 4.95070e-13 
2.42500e-01, 8.47302e+08, 0.00000e+00, 4.97925e-13 
2.45000e-01, 8.29119e+08, 0.00000e+00, 5.00715e-13 
2.47500e-01, 8.10845e+08, 0.00000e+00, 5.03440e-13 
2.50000e-01, 7.92484e+08, 0.00000e+00, 5.06100e-13 
2.52500e-01, 7.74039e+08, 0.00000e+00, 5.08695e-13 
2.55000e-01, 7.55512e+08, 0.00000e+00, 5.11223e-13 
2.57500e-01, 7.36906e+08, 0.00000e+00, 5.13686e-13 
2.60000e-01, 7.18224e+08, 0.00000e+00, 5.16082e-13 
2.62500e-01, 6.99468e+08, 0.00000e+00, 5.18412e-13 
2.65000e-01, 6.80641e+08, 0.00000e+00, 5.20674e-13 
2.67500e-01, 6.61745e+08, 0.00000e+00, 5.22870e-13 
2.70000e-01, 6.42784e+08, 0.00000e+00, 5.24998e-13 
2.72500e-01, 6.23761e+08, 0.00000e+00, 5.27058e-13 
2.75000e-01, 6.04677e+08, 0.00000e+00, 5.29051e-13 
2.77500e-01, 5.85536e+08, 0.00000e+00, 5.30976e-13 
2.80000e-01, 5.66340e+08, 0.00000e+00, 5.32832e-13 
2.82500e-01, 5.47092e+08, 0.00000e+00, 5.34620e-13 
2.85000e-01, 5.27796e+08, 0.00000e+00, 5.36340e-13 
2.87500e-01, 5.08453e+08, 0.00000e+00, 5.37991e-13 
2.90000e-01, 4.89067e+08, 0.00000e+00, 5.39572e-13 
2.92500e-01, 4.69640e+08, 0.00000e+00, 5.41085e-13 
2.95000e-01, 4.50175e+08, 0.00000e+00, 5.42529e-13 
2.97500e-01, 4.30675e+08, 0.00000e+00, 5.43903e-13 
3.00000e-01, 4.11143e+08, 0.00000e+00, 5.45208e-13 
3.02500e-01, 3.91582e+08, 0.00000e+00, 5.46443e-13 
3.05000e-01, 3.71994e+08, 0.00000e+00, 5.47609e-13 
3.07500e-01, 3.52382e+08, 0.00000e+00, 5.48705e-13 
3.10000e-01, 3.32749e+08, 0.00000e+00, 5.49731e-13 
3.12500e-01, 3.13097e+08, 0.00000e+00, 5.50688e-13 
3.15000e-01, 2.93431e+08, 0.00000e+00, 5.51574e-13 
3.17500e-01, 2.73751e+08, 0.00000e+00, 5.52391e-13 
3.20000e-01, 2.54062e+08, 0.00000e+00, 5.53137e-13 
3.22500e-01, 2.34367e+08, 0.00000e+00, 5.53814e-13 
3.25000e-01, 2.14666e+08, 0.00000e+00, 5.54420e-13 
3.27500e-01, 1.94965e+08, 0.00000e+00, 5.54957e-13 
3.30000e-01, 1.75265e+08, 0.00000e+00, 5.55423e-13 
3.32500e-01, 1.55570e+08, 0.00000e+00, 5.55820e-13 
3.35000e-01, 1.35881e+08, 0.00000e+00, 5.56146e-13 
3.37500e-01, 1.16203e+08, 0.00000e+00, 5.56403e-13 
3.40000e-01, 9.65370e+07, 0.00000e+00, 5.56589e-13 
3.42500e-01, 7.68867e+07, 0.00000e+00, 5.56706e-13 
3.45000e-01, 5.72548e+07, 0.00000e+00, 5.56753e-13 
3.47500e-01, 3.76440e+07, 0.00000e+00, 5.56730e-13 
3.50000e-01, 1.80572e+07, 0.00000e+00, 5.56638e-13 
3.52500e-01, -1.50301e+06, 0.00000e+00, 5.56476e-13 
3.55000e-01, -2.10337e+07, 0.00000e+00, 5.56245e-13 
3.57500e-01, -4.05322e+07, 0.00000e+00, 5.55944e-13 
3.60000e-01, -5.99957e+07, 0.00000e+00, 5.55574e-13 
3.62500e-01, -7.94214e+07, 0.00000e+00, 5.55135e-13 
3.65000e-01, -9.88066e+07, 0.00000e+00, 5.54628e-13 
3.67500e-01, -1.18149e+08, 0.00000e+00, 5.54051e-13 
3.70000e-01, -1.37445e+08, 0.00000e+00, 5.53406e-13 
3.72500e-01, -1.56692e+08, 0.00000e+00, 5.52693e-13 
3.75000e-01, -1.75888e+08, 0.00000e+00, 5.51911e-13 
3.77500e-01, -1.95029e+08, 0.00000e+00, 5.51061e-13 
3.80000e-01, -2.14114e+08, 0.00000e+00, 5.50144e-13 
3.82500e-01, -2.33140e+08, 0.00000e+00, 5.49158e-13 
3.85000e-01, -2.52103e+08, 0.00000e+00, 5.48106e-13 
3.87500e-01, -2.71001e+08, 0.00000e+00, 5.46986e-13 
3.90000e-01, -2.89832e+08, 0.00000e+00, 5.45799e-13 
3.92500e-01, -3.08593e+08, 0.00000e+00, 5.44546e-13 
3.95000e-01, -3.27281e+08, 0.00000e+00, 5.43226e-13 
3.97500e-01, -3.45893e+08, 0.00000e+00, 5.41841e-13 
4.00000e-01, -3.64428e+08, 0.00000e+00, 5.40389e-13 
4.02500e-01, -3.82882e+08, 0.00000e+00, 5.38872e-13 
4.05000e-01, -4.01253e+08, 0.00000e+00, 5.37289e-13 
4.07500e-01, -4.19538e+08, 0.00000e+00, 5.35642e-13 
4.10000e-01, -4.37735e+08, 0.00000e+00, 5.33930e-13 
4.12500e-01, -4.55841e+08, 0.00000e+00, 5.32153e-13 
4.15000e-01, -4.73854e+08, 0.00000e+00, 5.30313e-13 
4.17500e-01, -4.91771e+08, 0.00000e+00, 5.28409e-13 
4.20000e-01, -5.09589e+08, 0.00000e+00, 5.26441e-13 
4.22500e-01, -5.27307e+08, 0.00000e+00, 5.24411e-13 
4.25000e-01, -5.44922e+08, 0.00000e+00, 5.22318e-13 
4.27500e-01, -5.62431e+08, 0.00000e+00, 5.20163e-13 
4.30000e-01, -5.79832e+08, 0.00000e+00, 5.17946e-13 
4.32500e-01, -5.97122e+08, 0.00000e+00, 5.15668e-13 
4.35000e-01, -6.14300e+08, 0.00000e+00, 5.13329e-13 
4.37500e-01, -6.31362e+08, 0.00000e+00, 5.10929e-13 
4.40000e-01, -6.48307e+08, 0.00000e+00, 5.08470e-13 
4.42500e-01, -6.65132e+08, 0.00000e+00, 5.05950e-13 
4.45000e-01, -6.81835e+08, 0.00000e+00, 5.03371e-13 
4.47500e-01, -6.98413e+08, 0.00000e+00, 5.00733e-13 
4.50000e-01, -7.14864e+08, 0.00000e+00, 4.98037e-13 
4.52500e-01, -7.31187e+08, 0.00000e+00, 4.95283e-13 
4.55000e-01, -7.47379e+08, 0.00000e+00, 4.92472e-13 
4.57500e-01, -7.63437e+08, 0.00000e+00, 4.89603e-13 
4.60000e-01, -7.79359e+08, 0.00000e+00, 4.86678e-13 
4.62500e-01, -7.95144e+08, 0.00000e+00, 4.83697e-13 
4.65000e-01, -8.10789e+08, 0.00000e+00, 4.80661e-13 
4.67500e-01, -8.26291e+08, 0.00000e+00, 4.77570e-13 
4.70000e-01, -8.41650e+08, 0.00000e+00, 4.74424e-13 
4.72500e-01, -8.56863e+08, 0.00000e+00, 4.71224e-13 
4.75000e-01, -8.71928e+08, 0.00000e+00, 4.67971e-13 
4.77500e-01, -8.86842e+08, 0.00000e+00, 4.64665e-13 
4.80000e-01, -9.01604e+08, 0.00000e+00, 4.61306e-13 
4.82500e-01, -9.16212e+08, 0.00000e+00, 4.57896e-13 
4.85000e-01, -9.30664e+08, 0.00000e+00, 4.54435e-13 
4.87500e-01, -9.44958e+08, 0.00000e+00, 4.50923e-13 
4.90000e-01, -9.59092e+08, 0.00000e+00, 4.47361e-13 
4.92500e-01, -9.73064e+08, 0.00000e+00, 4.43749e-13 
4.95000e-01, -9.86873e+08, 0.00000e+00, 4.40089e-13 
4.97500e-01, -1.00052e+09, 0.00000e+00, 4.36380e-13 
5.00000e-01, -1.01399e+09, 0.00000e+00, 4.32624e-13 
5.02500e-01, -1.02730e+09, 0.00000e+00, 4.28820e-13 
5.05000e-01, -1.04044e+09, 0.00000e+00, 4.24970e-13 
5.07500e-01, -1.05340e+09, 0.00000e+00, 4.21074e-13 
5.10000e-01, -1.06619e+09, 0.00000e+00, 4.17133e-13 
5.12500e-01, -1.07880e+09, 0.00000e+00, 4.13147e-13 
5.15000e-01, -1.09124e+09, 0.00000e+00, 4.09117e-13 
5.17500e-01, -1.10350e+09, 0.00000e+00, 4.05044e-13 
5.20000e-01, -1.11557e+09, 0.00000e+00, 4.00929e-13 
5.22500e-01, -1.12747e+09, 0.00000e+00, 3.96771e-13 
5.25000e-01, -1.13918e+09, 0.00000e+00, 3.92572e-13 
5.27500e-01, -1.15071e+09, 0.00000e+00, 3.88332e-13 
5.30000e-01, -1.16205e+09, 0.00000e+00, 3.84052e-13 
5.32500e-01, -1.17320e+09, 0.00000e+00, 3.79732e-13 
5.35000e-01, -1.18416e+09, 0.00000e+00, 3.75374e-13 
5.37500e-01, -1.19493e+09, 0.00000e+00, 3.70978e-13 
5.40000e-01, -1.20551e+09, 0.00000e+00, 3.66545e-13 
5.42500e-01, -1.21590e+09, 0.00000e+00, 3.62075e-13 
5.45000e-01, -1.22609e+09, 0.00000e+00, 3.57569e-13 
5.47500e-01, -1.23608e+09, 0.00000e+00, 3.53028e-13 
5.50000e-01, -1.24588e+09, 0.00000e+00, 3.48453e-13 
5.52500e-01, -1.25548e+09, 0.00000e+00, 3.43844e-13 
5.55000e-01, -1.26488e+09, 0.00000e+00, 3.39201e-13 
5.57500e-01, -1.27408e+09, 0.00000e+00, 3.34526e-13 
5.60000e-01, -1.28308e+09, 0.00000e+00, 3.29820e-13 
5.62500e-01, -1.29188e+09, 0.00000e+00, 3.25083e-13 
5.65000e-01, -1.30047e+09, 0.00000e+00, 3.20315e-13 
5.67500e-01, -1.30885e+09, 0.00000e+00, 3.15518e-13 
5.70000e-01, -1.31704e+09, 0.00000e+00, 3.10692e-13 
5.72500e-01, -1.32501e+09, 0.00000e+00, 3.05839e-13 
5.75000e-01, -1.33278e+09, 0.00000e+00, 3.00958e-13 
5.77500e-01, -1.34034e+09, 0.00000e+00, 2.96051e-13 
5.80000e-01, -1.34769e+09, 0.00000e+00, 2.91118e-13 
5.82500e-01, -1.35483e+09, 0.00000e+00, 2.86160e-13 
5.85000e-01, -1.36176e+09, 0.00000e+00, 2.81178e-13 
5.87500e-01, -1.36847e+09, 0.00000e+00, 2.76172e-13 
5.90000e-01, -1.37498e+09, 0.00000e+00, 2.71144e-13 
5.92500e-01, -1.38127e+09, 0.00000e+00, 2.66093e-13 
5.95000e-01, -1.38735e+09, 0.00000e+00, 2.61022e-13 
5.97500e-01, -1.39321e+09, 0.00000e+00, 2.55930e-13 
6.00000e-01, -1.39886e+09, 0.00000e+00, 2.50819e-13 
6.02500e-01, -1.40430e+09, 0.00000e+00, 2.45688e-13 
6.05000e-01, -1.40952e+09, 0.00000e+00, 2.40540e-13 
6.07500e-01, -1.41452e+09, 0.00000e+00, 2.35374e-13 
6.10000e-01, -1.41930e+09, 0.00000e+00, 2.30192e-13 
6.12500e-01, -1.42387e+09, 0.00000e+00, 2.24994e-13 
6.15000e-01, -1.42822e+09, 0.00000e+00, 2.19782e-13 
6.17500e-01, -1.43236e+09, 0.00000e+00, 2.14555e-13 
6.20000e-01, -1.43627e+09, 0.00000e+00, 2.09314e-13 
6.22500e-01, -1.43997e+09, 0.00000e+00, 2.04061e-13 
6.25000e-01, -1.44345e+09, 0.00000e+00, 1.98796e-13 
6.27500e-01, -1.44671e+09, 0.00000e+00, 1.93521e-13 
6.30000e-01, -1.44975e+09, 0.00000e+00, 1.88235e-13 
6.32500e-01, -1.45257e+09, 0.00000e+00, 1.82939e-13 
6.35000e-01, -1.45517e+09, 0.00000e+00, 1.77635e-13 
6.37500e-01, -1.45755e+09, 0.00000e+00, 1.72323e-13 
6.40000e-01, -1.45972e+09, 0.00000e+00, 1.67003e-13 
6.42500e-01, -1.46166e+09, 0.00000e+00, 1.61678e-13 
6.45000e-01, -1.46339e+09, 0.00000e+00, 1.56347e-13 
6.47500e-01, -1.46489e+09, 0.00000e+00, 1.51011e-13 
6.50000e-01, -1.46618e+09, 0.00000e+00, 1.45671e-13 
6.52500e-01, -1.46725e+09, 0.00000e+00, 1.40328e-13 
6.55000e-01, -1.46809e+09, 0.00000e+00, 1.34983e-13 
6.57500e-01, -1.46872e+09, 0.00000e+00, 1.29636e-13 
6.60000e-01, -1.46914e+09, 0.00000e+00, 1.24288e-13 
6.62500e-01, -1.46933e+09, 0.00000e+00, 1.18941e-13 
6.65000e-01, -1.46930e+09, 0.00000e+00, 1.13594e-13 
6.67500e-01, -1.46906e+09, 0.00000e+00, 1.08248e-13 
6.70000e-01, -1.46860e+09, 0.00000e+00, 1.02905e-13 
6.72500e-01, -1.46793e+09, 0.00000e+00, 9.75651e-14 
6.75000e-01, -1.46703e+09, 0.00000e+00, 9.22289e-14 
6.77500e-01, -1.46593e+09, 0.00000e+00, 8.68974e-14 
6.80000e-01, -1.46460e+09, 0.00000e+00, 8.15712e-14 
6.82500e-01, -1.46306e+09, 0.00000e+00, 7.62513e-14 
6.85000e-01, -1.46131e+09, 0.00000e+00, 7.09384e-14 
6.87500e-01, -1.45934e+09, 0.00000e+00, 6.56331e-14 
6.90000e-01, -1.45716e+09, 0.00000e+00, 6.03364e-14 
6.92500e-01, -1.45477e+09, 0.00000e+00, 5.50489e-14 
6.95000e-01, -1.45217e+09, 0.00000e+00, 4.97714e-14 
6.97500e-01, -1.44935e+09, 0.00000e+00, 4.45047e-14 
7.00000e-01, -1.44633e+09, 0.00000e+00, 3.92495e-14 
7.02500e-01, -1.44309e+09, 0.00000e+00, 3.40066e-14 
7.05000e-01, -1.43965e+09, 0.00000e+00, 2.87767e-14 
7.07500e-01, -1.43600e+09, 0.00000e+00, 2.35606e-14 
7.10000e-01, -1.43214e+09, 0.00000e+00, 1.83590e-14 
7.12500e-01, -1.42807e+09, 0.00000e+00, 1.31727e-14 
7.15000e-01, -1.42380e+09, 0.00000e+00, 8.00234e-15 
7.17500e-01, -1.41933e+09, 0.00000e+00, 2.84873e-15 
7.20000e-01, -1.41465e+09, 0.00000e+00, -2.28743e-15 
7.22500e-01, -1.40977e+09, 0.00000e+00, -7.40540e-15 
7.25000e-01, -1.40469e+09, 0.00000e+00, -1.25045e-14 
7.27500e-01, -1.39941e+09, 0.00000e+00, -1.75839e-14 
7.30000e-01, -1.39393e+09, 0.00000e+00, -2.26430e-14 
7.32500e-01, -1.38826e+09, 0.00000e+00, -2.76811e-14 
7.35000e-01, -1.38238e+09, 0.00000e+00, -3.26974e-14 
7.37500e-01, -1.37631e+09, 0.00000e+00, -3.76913e-14 
7.40000e-01, -1.37005e+09, 0.00000e+00, -4.26620e-14 
7.42500e-01, -1.36359e+09, 0.00000e+00, -4.76089e-14 
7.45000e-01, -1.35694e+09, 0.00000e+00, -5.25313e-14 
7.47500e-01, -1.35011e+09, 0.00000e+00, -5.74284e-14 
7.50000e-01, -1.34308e+09, 0.00000e+00, -6.22997e-14 
7.52500e-01, -1.33586e+09, 0.00000e+00, -6.71444e-14 
7.55000e-01, -1.32846e+09, 0.00000e+00, -7.19618e-14 
7.57500e-01, -1.32088e+09, 0.00000e+00, -7.67514e-14 
7.60000e-01, -1.31311e+09, 0.00000e+00, -8.15124e-14 
7.62500e-01, -1.30516e+09, 0.00000e+00, -8.62442e-14 
7.65000e-01, -1.29702e+09, 0.00000e+00, -9.09462e-14 
7.67500e-01, -1.28871e+09, 0.00000e+00, -9.56176e-14 
7.70000e-01, -1.28023e+09, 0.00000e+00, -1.00258e-13 
7.72500e-01, -1.27156e+09, 0.00000e+00, -1.04867e-13 
7.75000e-01, -1.26273e+09, 0.00000e+00, -1.09443e-13 
7.77500e-01, -1.25372e+09, 0.00000e+00, -1.13986e-13 
7.80000e-01, -1.24454e+09, 0.00000e+00, -1.18495e-13 
7.82500e-01, -1.23519e+09, 0.00000e+00, -1.22971e-13 
7.85000e-01, -1.22567e+09, 0.00000e+00, -1.27411e-13 
7.87500e-01, -1.21599e+09, 0.00000e+00, -1.31816e-13 
7.90000e-01, -1.20614e+09, 0.00000e+00, -1.36186e-13 
7.92500e-01, -1.19613e+09, 0.00000e+00, -1.40518e-13 
7.95000e-01, -1.18596e+09, 0.00000e+00, -1.44813e-13 
7.97500e-01, -1.17563e+09, 0.00000e+00, -1.49071e-13 
8.00000e-01, -1.16515e+09, 0.00000e+00, -1.53290e-13 
8.02500e-01, -1.15451e+09, 0.00000e+00, -1.57471e-13 
8.05000e-01, -1.14372e+09, 0.00000e+00, -1.61612e-13 
8.07500e-01, -1.13278e+09, 0.00000e+00, -1.65713e-13 
8.10000e-01, -1.12168e+09, 0.00000e+00, -1.69774e-13 
8.12500e-01, -1.11044e+09, 0.00000e+00, -1.73794e-13 
8.15000e-01, -1.09906e+09, 0.00000e+00, -1.77772e-13 
8.17500e-01, -1.08753e+09, 0.00000e+00, -1.81708e-13 
8.20000e-01, -1.07586e+09, 0.00000e+00, -1.85602e-13 
8.22500e-01, -1.06406e+09, 0.00000e+00, -1.89452e-13 
8.25000e-01, -1.05211e+09, 0.00000e+00, -1.93259e-13 
8.27500e-01, -1.04003e+09, 0.00000e+00, -1.97022e-13 
8.30000e-01, -1.02782e+09, 0.00000e+00, -2.00741e-13 
8.32500e-01, -1.01548e+09, 0.00000e+00, -2.04414e-13 
8.35000e-01, -1.00300e+09, 0.00000e+00, -2.08043e-13 
8.37500e-01, -9.90406e+08, 0.00000e+00, -2.11625e-13 
8.40000e-01, -9.77683e+08, 0.00000e+00, -2.15161e-13 
8.42500e-01, -9.64838e+08, 0.00000e+00, -2.18650e-13 
8.45000e-01, -9.51873e+08, 0.00000e+00, -2.22092e-13 
8.47500e-01, -9.38790e+08, 0.00000e+00, -2.25487e-13 
8.50000e-01, -9.25591e+08, 0.00000e+00, -2.28833e-13 
8.52500e-01, -9.12279e+08, 0.00000e+00, -2.32131e-13 
8.55000e-01, -8.98857e+08, 0.00000e+00, -2.35380e-13 
8.57500e-01, -8.85325e+08, 0.00000e+00, -2.38580e-13 
8.60000e-01, -8.71687e+08, 0.00000e+00, -2.41731e-13 
8.62500e-01, -8.57944e+08, 0.00000e+00, -2.44831e-13 
8.65000e-01, -8.44100e+08, 0.00000e+00, -2.47881e-13 
8.67500e-01, -8.30156e+08, 0.00000e+00, -2.50881e-13 
8.70000e-01, -8.16115e+08, 0.00000e+00, -2.53829e-13 
8.72500e-01, -8.01979e+08, 0.00000e+00, -2.56726e-13 
8.75000e-01, -7.87750e+08, 0.00000e+00, -2.59572e-13 
8.77500e-01, -7.73431e+08, 0.00000e+00, -2.62365e-13 
8.80000e-01, -7.59025e+08, 0.00000e+00, -2.65106e-13 
8.82500e-01, -7.44532e+08, 0.00000e+00, -2.67794e-13 
8.85000e-01, -7.29957e+08, 0.00000e+00, -2.70430e-13 
8.87500e-01, -7.15302e+08, 0.00000e+00, -2.73012e-13 
8.90000e-01, -7.00568e+08, 0.00000e+00, -2.75540e-13 
8.92500e-01, -6.85758e+08, 0.00000e+00, -2.78015e-13 
8.95000e-01, -6.70875e+08, 0.00000e+00, -2.80436e-13 
8.97500e-01, -6.55922e+08, 0.00000e+00, -2.82803e-13 
9.00000e-01, -6.40900e+08, 0.00000e+00, -2.85115e-13 
9.02500e-01, -6.25812e+08, 0.00000e+00, -2.87372e-13 
9.05000e-01, -6.10660e+08, 0.00000e+00, -2.89574e-13 
9.07500e-01, -5.95448e+08, 0.00000e+00, -2.91721e-13 
9.10000e-01, -5.80177e+08, 0.00000e+00, -2.93813e-13 
9.12500e-01, -5.64850e+08, 0.00000e+00, -2.95849e-13 
9.15000e-01, -5.49469e+08, 0.00000e+00, -2.97829e-13 
9.17500e-01, -5.34038e+08, 0.00000e+00, -2.99753e-13 
9.20000e-01, -5.18558e+08, 0.00000e+00, -3.01621e-13 
9.22500e-01, -5.03032e+08, 0.00000e+00, -3.03433e-13 
9.25000e-01, -4.87462e+08, 0.00000e+00, -3.05188e-13 
9.27500e-01, -4.71852e+08, 0.00000e+00, -3.06886e-13 
9.30000e-01, -4.56203e+08, 0.00000e+00, -3.08528e-13 
9.32500e-01, -4.40518e+08, 0.00000e+00, -3.10113e-13 
9.35000e-01, -4.24800e+08, 0.00000e+00, -3.11641e-13 
9.37500e-01, -4.09051e+08, 0.00000e+00, -3.13112e-13 
9.40000e-01, -3.93274e+08, 0.00000e+00, -3.14525e-13 
9.42500e-01, -3.77471e+08, 0.00000e+00, -3.15882e-13 
9.45000e-01, -3.61644e+08, 0.00000e+00, -3.17181e-13 
9.47500e-01, -3.45797e+08, 0.00000e+00, -3.18422e-13 
9.50000e-01, -3.29932e+08, 0.00000e+00, -3.19606e-13 
9.52500e-01, -3.14051e+08, 0.00000e+00, -3.20732e-13 
9.55000e-01, -2.98157e+08, 0.00000e+00, -3.21801e-13 
9.57500e-01, -2.82252e+08, 0.00000e+00, -3.22812e-13 
9.60000e-01, -2.66339e+08, 0.00000e+00, -3.23765e-13 
9.62500e-01, -2.50421e+08, 0.00000e+00, -3.24661e-13 
9.65000e-01, -2.34499e+08, 0.00000e+00, -3.25499e-13 
9.67500e-01, -2.18577e+08, 0.00000e+00, -3.26279e-13 
9.70000e-01, -2.02657e+08, 0.00000e+00, -3.27002e-13 
9.72500e-01, -1.86742e+08, 0.00000e+00, -3.27667e-13 
9.75000e-01, -1.70834e+08, 0.00000e+00, -3.28274e-13 
9.77500e-01, -1.54935e+08, 0.00000e+00, -3.28824e-13 
9.80000e-01, -1.39048e+08, 0.00000e+00, -3.29316e-13 
9.82500e-01, -1.23176e+08, 0.00000e+00, -3.29750e-13 
9.85000e-01, -1.07321e+08, 0.00000e+00, -3.30127e-13 
9.87500e-01, -9.14848e+07, 0.00000e+00, -3.30447e-13 
9.90000e-01, -7.56711e+07, 0.00000e+00, -3.30710e-13 
9.92500e-01, -5.98818e+07, 0.00000e+00, -3.30915e-13 
9.95000e-01, -4.41194e+07, 0.00000e+00, -3.31063e-13 
9.97500e-01, -2.83864e+07, 0.00000e+00, -3.31154e-13 
1.00000e+00, -1.26852e+07, 0.00000e+00, -3.31188e-13 
1.00250e+00, 2.98167e+06, 0.00000e+00, -3.31166e-13 
1.00500e+00, 1.86119e+07, 0.00000e+00, -3.31087e-13 
1.00750e+00, 3.42030e+07, 0.00000e+00, -3.30951e-13 
1.01000e+00, 4.97526e+07, 0.00000e+00, -3.30759e-13 
1.01250e+00, 6.52582e+07, 0.00000e+00, -3.30511e-13 
1.01500e+00, 8.07176e+07, 0.00000e+00, -3.30207e-13 
1.01750e+00, 9.61282e+07, 0.00000e+00, -3.29847e-13 
1.02000e+00, 1.11488e+08, 0.00000e+00, -3.29432e-13 
1.02250e+00, 1.26794e+08, 0.00000e+00, -3.28961e-13 
1.02500e+00, 1.42044e+08, 0.00000e+00, -3.28435e-13 
1.02750e+00, 1.57236e+08, 0.00000e+00, -3.27854e-13 
1.03000e+00, 1.72368e+08, 0.00000e+00, -3.27218e-13 
1.03250e+00, 1.87437e+08, 0.00000e+00, -3.26527e-13 
1.03500e+00, 2.02441e+08, 0.00000e+00, -3.25783e-13 
1.03750e+00, 2.17378e+08, 0.00000e+00, -3.24984e-13 
1.04000e+00, 2.32245e+08, 0.00000e+00, -3.24131e-13 
1.04250e+00, 2.47040e+08, 0.00000e+00, -3.23225e-13 
1.04500e+00, 2.61761e+08, 0.00000e+00, -3.22265e-13 
1.04750e+00, 2.76406e+08, 0.00000e+00, -3.21253e-13 
1.05000e+00, 2.90972e+08, 0.00000e+00, -3.20187e-13 
1.05250e+00, 3.05458e+08, 0.00000e+00, -3.19069e-13 
1.05500e+00, 3.19861e+08, 0.00000e+00, -3.17900e-13 
1.05750e+00, 3.34178e+08, 0.00000e+00, -3.16678e-13 
1.06000e+00, 3.48408e+08, 0.00000e+00, -3.15405e-13 
1.06250e+00, 3.62549e+08, 0.00000e+00, -3.14080e-13 
1.06500e+00, 3.76599e+08, 0.00000e+00, -3.12705e-13 
1.06750e+00, 3.90555e+08, 0.00000e+00, -3.11279e-13 
1.07000e+00, 4.04415e+08, 0.00000e+00, -3.09803e-13 
1.07250e+00, 4.18178e+08, 0.00000e+00, -3.08277e-13 
1.07500e+00, 4.31841e+08, 0.00000e+00, -3.06702e-13 
1.07750e+00, 4.45402e+08, 0.00000e+00, -3.05078e-13 
1.08000e+00, 4.58859e+08, 0.00000e+00, -3.03405e-13 
1.08250e+00, 4.72211e+08, 0.00000e+00, -3.01684e-13 
1.08500e+00, 4.85454e+08, 0.00000e+00, -2.99914e-13 
1.08750e+00, 4.98589e+08, 0.00000e+00, -2.98098e-13 
1.09000e+00, 5.11611e+08, 0.00000e+00, -2.96234e-13 
1.09250e+00, 5.24520e+08, 0.00000e+00, -2.94323e-13 
1.09500e+00, 5.37314e+08, 0.00000e+00, -2.92366e-13 
1.09750e+00, 5.49991e+08, 0.00000e+00, -2.90364e-13 
1.10000e+00, 5.62548e+08, 0.00000e+00, -2.88315e-13 
1.10250e+00, 5.74985e+08, 0.00000e+00, -2.86222e-13 
1.10500e+00, 5.87298e+08, 0.00000e+00, -2.84084e-13 
1.10750e+00, 5.99488e+08, 0.00000e+00, -2.81903e-13 
1.11000e+00, 6.11551e+08, 0.00000e+00, -2.79677e-13 
1.11250e+00, 6.23486e+08, 0.00000e+00, -2.77408e-13 
1.11500e+00, 6.35292e+08, 0.00000e+00, -2.75097e-13 
1.11750e+00, 6.46966e+08, 0.00000e+00, -2.72743e-13 
1.12000e+00, 6.58507e+08, 0.00000e+00, -2.70348e-13 
1.12250e+00, 6.69914e+08, 0.00000e+00, -2.67911e-13 
1.12500e+00, 6.81184e+08, 0.00000e+00, -2.65434e-13 
1.12750e+00, 6.92317e+08, 0.00000e+00, -2.62916e-13 
1.13000e+00, 7.03310e+08, 0.00000e+00, -2.60359e-13 
1.13250e+00, 7.14162e+08, 0.00000e+00, -2.57762e-13 
1.13500e+00, 7.24872e+08, 0.00000e+00, -2.55127e-13 
1.13750e+00, 7.35437e+08, 0.00000e+00, -2.52453e-13 
1.14000e+00, 7.45858e+08, 0.00000e+00, -2.49742e-13 
1.14250e+00, 7.56131e+08, 0.00000e+00, -2.46994e-13 
1.14500e+00, 7.66256e+08, 0.00000e+00, -2.44208e-13 
1.14750e+00, 7.76232e+08, 0.00000e+00, -2.41387e-13 
1.15000e+00, 7.86057e+08, 0.00000e+00, -2.38531e-13 
1.15250e+00, 7.95729e+08, 0.00000e+00, -2.35639e-13 
1.15500e+00, 8.05248e+08, 0.00000e+00, -2.32713e-13 
1.15750e+00, 8.14611e+08, 0.00000e+00, -2.29753e-13 
1.16000e+00, 8.23819e+08, 0.00000e+00, -2.26760e-13 
1.16250e+00, 8.32869e+08, 0.00000e+00, -2.23734e-13 
1.16500e+00, 8.41760e+08, 0.00000e+00, -2.20676e-13 
1.16750e+00, 8.50492e+08, 0.00000e+00, -2.17586e-13 
1.17000e+00, 8.59063e+08, 0.00000e+00, -2.14465e-13 
1.17250e+00, 8.67471e+08, 0.00000e+00, -2.11314e-13 
1.17500e+00, 8.75717e+08, 0.00000e+00, -2.08133e-13 
1.17750e+00, 8.83798e+08, 0.00000e+00, -2.04923e-13 
1.18000e+00, 8.91714e+08, 0.00000e+00, -2.01684e-13 
1.18250e+00, 8.99464e+08, 0.00000e+00, -1.98418e-13 
1.18500e+00, 9.07046e+08, 0.00000e+00, -1.95124e-13 
1.18750e+00, 9.14461e+08, 0.00000e+00, -1.91803e-13 
1.19000e+00, 9.21706e+08, 0.00000e+00, -1.88456e-13 
1.19250e+00, 9.28781e+08, 0.00000e+00, -1.85083e-13 
1.19500e+00, 9.35686e+08, 0.00000e+00, -1.81685e-13 
1.19750e+00, 9.42418e+08, 0.00000e+00, -1.78263e-13 
1.20000e+00, 9.48979e+08, 0.00000e+00, -1.74818e-13 
1.20250e+00, 9.55366e+08, 0.00000e+00, -1.71349e-13 
1.20500e+00, 9.61579e+08, 0.00000e+00, -1.67858e-13 
1.20750e+00, 9.67617e+08, 0.00000e+00, -1.64345e-13 
1.21000e+00, 9.73480e+08, 0.00000e+00, -1.60810e-13 
1.21250e+00, 9.79166e+08, 0.00000e+00, -1.57256e-13 
1.21500e+00, 9.84676e+08, 0.00000e+00, -1.53681e-13 
1.21750e+00, 9.90009e+08, 0.00000e+00, -1.50087e-13 
1.22000e+00, 9.95163e+08, 0.00000e+00, -1.46475e-13 
1.22250e+00, 1.00014e+09, 0.00000e+00, -1.42844e-13 
1.22500e+00, 1.00494e+09, 0.00000e+00, -1.39196e-13 
1.22750e+00, 1.00956e+09, 0.00000e+00, -1.35532e-13 
1.23000e+00, 1.01399e+09, 0.00000e+00, -1.31851e-13 
1.23250e+00, 1.01825e+09, 0.00000e+00, -1.28155e-13 
1.23500e+00, 1.02233e+09, 0.00000e+00, -1.24445e-13 
1.23750e+00, 1.02622e+09, 0.00000e+00, -1.20720e-13 
1.24000e+00, 1.02994e+09, 0.00000e+00, -1.16982e-13 
1.24250e+00, 1.03347e+09, 0.00000e+00, -1.13231e-13 
1.24500e+00, 1.03682e+09, 0.00000e+00, -1.09468e-13 
1.24750e+00, 1.03999e+09, 0.00000e+00, -1.05694e-13 
1.25000e+00, 1.04298e+09, 0.00000e+00, -1.01909e-13 
1.25250e+00, 1.04578e+09, 0.00000e+00, -9.81136e-14 
1.25500e+00, 1.04840e+09, 0.00000e+00, -9.43089e-14 
1.25750e+00, 1.05084e+09, 0.00000e+00, -9.04955e-14 
1.26000e+00, 1.05310e+09, 0.00000e+00, -8.66739e-14 
1.26250e+00, 1.05517e+09, 0.00000e+00, -8.28449e-14 
1.26500e+00, 1.05706e+09, 0.00000e+00, -7.90091e-14 
1.26750e+00, 1.05876e+09, 0.00000e+00, -7.51671e-14 
1.27000e+00, 1.06029e+09, 0.00000e+00, -7.13197e-14 
1.27250e+00, 1.06163e+09, 0.00000e+00, -6.74675e-14 
1.27500e+00, 1.06278e+09, 0.00000e+00, -6.36111e-14 
1.27750e+00, 1.06376e+09, 0.00000e+00, -5.97513e-14 
1.28000e+00, 1.06455e+09, 0.00000e+00, -5.58886e-14 
1.28250e+00, 1.06516e+09, 0.00000e+00, -5.20237e-14 
1.28500e+00, 1.06559e+09, 0.00000e+00, -4.81574e-14 
1.28750e+00, 1.06583e+09, 0.00000e+00, -4.42902e-14 
1.29000e+00, 1.06590e+09, 0.00000e+00, -4.04228e-14 
1.29250e+00, 1.06578e+09, 0.00000e+00, -3.65559e-14 
1.29500e+00, 1.06548e+09, 0.00000e+00, -3.26901e-14 
1.29750e+00, 1.06500e+09, 0.00000e+00, -2.88261e-14 
1.30000e+00, 1.06434e+09, 0.00000e+00, -2.49645e-14 
1.30250e+00, 1.06350e+09, 0.00000e+00, -2.11060e-14 
1.30500e+00, 1.06248e+09, 0.00000e+00, -1.72513e-14 
1.30750e+00, 1.06128e+09, 0.00000e+00, -1.34009e-14 
1.31000e+00, 1.05990e+09, 0.00000e+00, -9.55553e-15 
1.31250e+00, 1.05835e+09, 0.00000e+00, -5.71584e-15 
1.31500e+00, 1.05662e+09, 0.00000e+00, -1.88247e-15 
1.31750e+00, 1.05471e+09, 0.00000e+00, 1.94394e-15 
1.32000e+00, 1.05262e+09, 0.00000e+00, 5.76277e-15 
1.32250e+00, 1.05036e+09, 0.00000e+00, 9.57337e-15 
1.32500e+00, 1.04792e+09, 0.00000e+00, 1.33751e-14 
1.32750e+00, 1.04531e+09, 0.00000e+00, 1.71674e-14 
1.33000e+00, 1.04253e+09, 0.00000e+00, 2.09495e-14 
1.33250e+00, 1.03957e+09, 0.00000e+00, 2.47209e-14 
1.33500e+00, 1.03644e+09, 0.00000e+00, 2.84809e-14 
1.33750e+00, 1.03314e+09, 0.00000e+00, 3.22289e-14 
1.34000e+00, 1.02967e+09, 0.00000e+00, 3.59643e-14 
1.34250e+00, 1.02603e+09, 0.00000e+00, 3.96865e-14 
1.34500e+00, 1.02222e+09, 0.00000e+00, 4.33949e-14 
1.34750e+00, 1.01825e+09, 0.00000e+00, 4.70889e-14 
1.35000e+00, 1.01411e+09, 0.00000e+00, 5.07678e-14 
1.35250e+00, 1.00980e+09, 0.00000e+00, 5.44310e-14 
1.35500e+00, 1.00532e+09, 0.00000e+00, 5.80781e-14 
1.35750e+00, 1.00069e+09, 0.00000e+00, 6.17083e-14 
1.36000e+00, 9.95885e+08, 0.00000e+00, 6.53211e-14 
1.36250e+00, 9.90924e+08, 0.00000e+00, 6.89158e-14 
1.36500e+00, 9.85801e+08, 0.00000e+00, 7.24920e-14 
1.36750e+00, 9.80519e+08, 0.00000e+00, 7.60491e-14 
1.37000e+00, 9.75079e+08, 0.00000e+00, 7.95864e-14 
1.37250e+00, 9.69482e+08, 0.00000e+00, 8.31034e-14 
1.37500e+00, 9.63729e+08, 0.00000e+00, 8.65995e-14 
1.37750e+00, 9.57821e+08, 0.00000e+00, 9.00742e-14 
1.38000e+00, 9.51759e+08, 0.00000e+00, 9.35270e-14 
1.38250e+00, 9.45545e+08, 0.00000e+00, 9.69572e-14 
1.38500e+00, 9.39181e+08, 0.00000e+00, 1.00364e-13 
1.38750e+00, 9.32666e+08, 0.00000e+00, 1.03748e-13 
1.39000e+00, 9.26004e+08, 0.00000e+00, 1.07107e-13 
1.39250e+00, 9.19194e+08, 0.00000e+00, 1.10442e-13 
1.39500e+00, 9.12239e+08, 0.00000e+00, 1.13751e-13 
1.39750e+00, 9.05140e+08, 0.00000e+00, 1.17035e-13 
1.40000e+00, 8.97898e+08, 0.00000e+00, 1.20292e-13 
1.40250e+00, 8.90514e+08, 0.00000e+00, 1.23523e-13 
1.40500e+00, 8.82991e+08, 0.00000e+00, 1.26726e-13 
1.40750e+00, 8.75330e+08, 0.00000e+00, 1.29902e-13 
1.41000e+00, 8.67531e+08, 0.00000e+00, 1.33049e-13 
1.41250e+00, 8.59598e+08, 0.00000e+00, 1.36168e-13 
1.41500e+00, 8.51530e+08, 0.00000e+00, 1.39257e-13 
1.41750e+00, 8.43331e+08, 0.00000e+00, 1.42317e-13 
1.42000e+00, 8.35001e+08, 0.00000e+00, 1.45346e-13 
1.42250e+00, 8.26541e+08, 0.00000e+00, 1.48345e-13 
1.42500e+00, 8.17955e+08, 0.00000e+00, 1.51313e-13 
1.42750e+00, 8.09243e+08, 0.00000e+00, 1.54249e-13 
1.43000e+00, 8.00406e+08, 0.00000e+00, 1.57153e-13 
1.43250e+00, 7.91448e+08, 0.00000e+00, 1.60024e-13 
1.43500e+00, 7.82368e+08, 0.00000e+00, 1.62863e-13 
1.43750e+00, 7.73170e+08, 0.00000e+00, 1.65668e-13 
1.44000e+00, 7.63854e+08, 0.00000e+00, 1.68440e-13 
1.44250e+00, 7.54423e+08, 0.00000e+00, 1.71177e-13 
1.44500e+00, 7.44879e+08, 0.00000e+00, 1.73880e-13 
1.44750e+00, 7.35222e+08, 0.00000e+00, 1.76548e-13 
1.45000e+00, 7.25455e+08, 0.00000e+00, 1.79180e-13 
1.45250e+00, 7.15580e+08, 0.00000e+00, 1.81776e-13 
1.45500e+00, 7.05599e+08, 0.00000e+00, 1.84337e-13 
1.45750e+00, 6.95513e+08, 0.00000e+00, 1.86861e-13 
1.46000e+00, 6.85324e+08, 0.00000e+00, 1.89348e-13 
1.46250e+00, 6.75035e+08, 0.00000e+00, 1.91797e-13 
1.46500e+00, 6.64646e+08, 0.00000e+00, 1.94209e-13 
1.46750e+00, 6.54161e+08, 0.00000e+00, 1.96583e-13 
1.47000e+00, 6.43580e+08, 0.00000e+00, 1.98919e-13 
1.47250e+00, 6.32906e+08, 0.00000e+00, 2.01216e-13 
1.47500e+00, 6.22141e+08, 0.00000e+00, 2.03474e-13 
1.47750e+00, 6.11286e+08, 0.00000e+00, 2.05692e-13 
1.48000e+00, 6.00345e+08, 0.00000e+00, 2.07871e-13 
1.48250e+00, 5.89318e+08, 0.00000e+00, 2.10010e-13 
1.48500e+00, 5.78207e+08, 0.00000e+00, 2.12109e-13 
1.48750e+00, 5.67015e+08, 0.00000e+00, 2.14167e-13 
1.49000e+00, 5.55744e+08, 0.00000e+00, 2.16184e-13 
1.49250e+00, 5.44396e+08, 0.00000e+00, 2.18161e-13 
1.49500e+00, 5.32972e+08, 0.00000e+00, 2.20095e-13 
1.49750e+00, 5.21476e+08, 0.00000e+00, 2.21988e-13 
1.50000e+00, 5.09908e+08, 0.00000e+00, 2.23840e-13 
1.50250e+00, 4.98271e+08, 0.00000e+00, 2.25649e-13 
1.50500e+00, 4.86567e+08, 0.00000e+00, 2.27415e-13 
1.50750e+00, 4.74798e+08, 0.00000e+00, 2.29139e-13 
1.51000e+00, 4.62966e+08, 0.00000e+00, 2.30820e-13 
1.51250e+00, 4.51073e+08, 0.00000e+00, 2.32458e-13 
1.51500e+00, 4.39122e+08, 0.00000e+00, 2.34053e-13 
1.51750e+00, 4.27115e+08, 0.00000e+00, 2.35604e-13 
1.52000e+00, 4.15053e+08, 0.00000e+00, 2.37112e-13 
1.52250e+00, 4.02938e+08, 0.00000e+00, 2.38575e-13 
1.52500e+00, 3.90774e+08, 0.00000e+00, 2.39994e-13 
1.52750e+00, 3.78562e+08, 0.00000e+00, 2.41370e-13 
1.53000e+00, 3.66304e+08, 0.00000e+00, 2.42700e-13 
1.53250e+00, 3.54002e+08, 0.00000e+00, 2.43987e-13 
1.53500e+00, 3.41658e+08, 0.00000e+00, 2.45228e-13 
1.53750e+00, 3.29275e+08, 0.00000e+00, 2.46425e-13 
1.54000e+00, 3.16855e+08, 0.00000e+00, 2.47576e-13 
1.54250e+00, 3.04400e+08, 0.00000e+00, 2.48683e-13 
1.54500e+00, 2.91912e+08, 0.00000e+00, 2.49744e-13 
1.54750e+00, 2.79393e+08, 0.00000e+00, 2.50760e-13 
1.55000e+00, 2.66846e+08, 0.00000e+00, 2.51730e-13 
1.55250e+00, 2.54272e+08, 0.00000e+00, 2.52655e-13 
1.55500e+00, 2.41675e+08, 0.00000e+00, 2.53534e-13 
1.55750e+00, 2.29055e+08, 0.00000e+00, 2.54367e-13 
1.56000e+00, 2.16415e+08, 0.00000e+00, 2.55155e-13 
1.56250e+00, 2.03757e+08, 0.00000e+00, 2.55896e-13 
1.56500e+00, 1.91084e+08, 0.00000e+00, 2.56592e-13 
1.56750e+00, 1.78398e+08, 0.00000e+00, 2.57242e-13 
1.57000e+00, 1.65701e+08, 0.00000e+00, 2.57846e-13 
1.57250e+00, 1.52994e+08, 0.00000e+00, 2.58403e-13 
1.57500e+00, 1.40281e+08, 0.00000e+00, 2.58915e-13 
1.57750e+00, 1.27563e+08, 0.00000e+00, 2.59380e-13 
1.58000e+00, 1.14843e+08, 0.00000e+00, 2.59800e-13 
1.58250e+00, 1.02123e+08, 0.00000e+00, 2.60173e-13 
1.58500e+00, 8.94039e+07, 0.00000e+00, 2.60500e-13 
1.58750e+00, 7.66893e+07, 0.00000e+00, 2.60781e-13 
1.59000e+00, 6.39809e+07, 0.00000e+00, 2.61016e-13 
1.59250e+00, 5.12809e+07, 0.00000e+00, 2.61205e-13 
1.59500e+00, 3.85913e+07, 0.00000e+00, 2.61348e-13 
1.59750e+00, 2.59144e+07, 0.00000e+00, 2.61445e-13 
1.60000e+00, 1.32523e+07, 0.00000e+00, 2.61497e-13 
1.60250e+00, 6.07177e+05, 0.00000e+00, 2.61502e-13 
1.60500e+00, -1.20189e+07, 0.00000e+00, 2.61462e-13 
1.60750e+00, -2.46238e+07, 0.00000e+00, 2.61375e-13 
1.61000e+00, -3.72055e+07, 0.00000e+00, 2.61244e-13 
1.61250e+00, -4.97617e+07, 0.00000e+00, 2.61066e-13 
1.61500e+00, -6.22903e+07, 0.00000e+00, 2.60844e-13 
1.61750e+00, -7.47894e+07, 0.00000e+00, 2.60576e-13 
1.62000e+00, -8.72568e+07, 0.00000e+00, 2.60263e-13 
1.62250e+00, -9.96903e+07, 0.00000e+00, 2.59904e-13 
1.62500e+00, -1.12088e+08, 0.00000e+00, 2.59501e-13 
1.62750e+00, -1.24448e+08, 0.00000e+00, 2.59053e-13 
1.63000e+00, -1.36768e+08, 0.00000e+00, 2.58561e-13 
1.63250e+00, -1.49045e+08, 0.00000e+00, 2.58023e-13 
1.63500e+00, -1.61279e+08, 0.00000e+00, 2.57442e-13 
1.63750e+00, -1.73467e+08, 0.00000e+00, 2.56816e-13 
1.64000e+00, -1.85606e+08, 0.00000e+00, 2.56146e-13 
1.64250e+00, -1.97696e+08, 0.00000e+00, 2.55433e-13 
1.64500e+00, -2.09733e+08, 0.00000e+00, 2.54676e-13 
1.64750e+00, -2.21717e+08, 0.00000e+00, 2.53875e-13 
1.65000e+00, -2.33644e+08, 0.00000e+00, 2.53031e-13 
1.65250e+00, -2.45513e+08, 0.00000e+00, 2.52144e-13 
1.65500e+00, -2.57322e+08, 0.00000e+00, 2.51214e-13 
1.65750e+00, -2.69070e+08, 0.00000e+00, 2.50242e-13 
1.66000e+00, -2.80753e+08, 0.00000e+00, 2.49227e-13 
1.66250e+00, -2.92371e+08, 0.00000e+00, 2.48171e-13 
1.66500e+00, -3.03921e+08, 0.00000e+00, 2.47072e-13 
1.66750e+00, -3.15402e+08, 0.00000e+00, 2.45932e-13 
1.67000e+00, -3.26812e+08, 0.00000e+00, 2.44750e-13 
1.67250e+00, -3.38148e+08, 0.00000e+00, 2.43527e-13 
1.67500e+00, -3.49409e+08, 0.00000e+00, 2.42263e-13 
1.67750e+00, -3.60593e+08, 0.00000e+00, 2.40959e-13 
1.68000e+00, -3.71699e+08, 0.00000e+00, 2.39615e-13 
1.68250e+00, -3.82724e+08, 0.00000e+00, 2.38230e-13 
1.68500e+00, -3.93667e+08, 0.00000e+00, 2.36806e-13 
1.68750e+00, -4.04526e+08, 0.00000e+00, 2.35342e-13 
1.69000e+00, -4.15299e+08, 0.00000e+00, 2.33840e-13 
1.69250e+00, -4.25985e+08, 0.00000e+00, 2.32298e-13 
1.69500e+00, -4.36581e+08, 0.00000e+00, 2.30719e-13 
1.69750e+00, -4.47087e+08, 0.00000e+00, 2.29101e-13 
1.70000e+00, -4.57500e+08, 0.00000e+00, 2.27445e-13 
1.70250e+00, -4.67819e+08, 0.00000e+00, 2.25752e-13 
1.70500e+00, -4.78042e+08, 0.00000e+00, 2.24022e-13 
1.70750e+00, -4.88168e+08, 0.00000e+00, 2.22255e-13 
1.71000e+00, -4.98194e+08, 0.00000e+00, 2.20451e-13 
1.71250e+00, -5.08120e+08, 0.00000e+00, 2.18612e-13 
1.71500e+00, -5.17944e+08, 0.00000e+00, 2.16737e-13 
1.71750e+00, -5.27664e+08, 0.00000e+00, 2.14827e-13 
1.72000e+00, -5.37279e+08, 0.00000e+00, 2.12882e-13 
1.72250e+00, -5.46787e+08, 0.00000e+00, 2.10902e-13 
1.72500e+00, -5.56187e+08, 0.00000e+00, 2.08889e-13 
1.72750e+00, -5.65477e+08, 0.00000e+00, 2.06841e-13 
1.73000e+00, -5.74655e+08, 0.00000e+00, 2.04760e-13 
1.73250e+00, -5.83722e+08, 0.00000e+00, 2.02647e-13 
1.73500e+00, -5.92674e+08, 0.00000e+00, 2.00501e-13 
1.73750e+00, -6.01511e+08, 0.00000e+00, 1.98322e-13 
1.74000e+00, -6.10231e+08, 0.00000e+00, 1.96113e-13 
1.74250e+00, -6.18833e+08, 0.00000e+00, 1.93872e-13 
1.74500e+00, -6.27315e+08, 0.00000e+00, 1.91600e-13 
1.74750e+00, -6.35677e+08, 0.00000e+00, 1.89298e-13 
1.75000e+00, -6.43917e+08, 0.00000e+00, 1.86966e-13 
1.75250e+00, -6.52034e+08, 0.00000e+00, 1.84604e-13 
1.75500e+00, -6.60026e+08, 0.00000e+00, 1.82213e-13 
1.75750e+00, -6.67893e+08, 0.00000e+00, 1.79794e-13 
1.76000e+00, -6.75633e+08, 0.00000e+00, 1.77347e-13 
1.76250e+00, -6.83245e+08, 0.00000e+00, 1.74872e-13 
1.76500e+00, -6.90728e+08, 0.00000e+00, 1.72370e-13 
1.76750e+00, -6.98080e+08, 0.00000e+00, 1.69841e-13 
1.77000e+00, -7.05301e+08, 0.00000e+00, 1.67287e-13 
1.77250e+00, -7.12390e+08, 0.00000e+00, 1.64706e-13 
1.77500e+00, -7.19345e+08, 0.00000e+00, 1.62100e-13 
1.77750e+00, -7.26166e+08, 0.00000e+00, 1.59469e-13 
1.78000e+00, -7.32851e+08, 0.00000e+00, 1.56814e-13 
1.78250e+00, -7.39400e+08, 0.00000e+00, 1.54135e-13 
1.78500e+00, -7.45812e+08, 0.00000e+00, 1.51433e-13 
1.78750e+00, -7.52085e+08, 0.00000e+00, 1.48708e-13 
1.79000e+00, -7.58219e+08, 0.00000e+00, 1.45961e-13 
1.79250e+00, -7.64213e+08, 0.00000e+00, 1.43192e-13 
1.79500e+00, -7.70067e+08, 0.00000e+00, 1.40402e-13 
1.79750e+00, -7.75778e+08, 0.00000e+00, 1.37591e-13 
1.80000e+00, -7.81347e+08, 0.00000e+00, 1.34760e-13 
1.80250e+00, -7.86772e+08, 0.00000e+00, 1.31909e-13 
1.80500e+00, -7.92054e+08, 0.00000e+00, 1.29039e-13 
1.80750e+00, -7.97191e+08, 0.00000e+00, 1.26150e-13 
1.81000e+00, -8.02182e+08, 0.00000e+00, 1.23243e-13 
1.81250e+00, -8.07027e+08, 0.00000e+00, 1.20319e-13 
1.81500e+00, -8.11725e+08, 0.00000e+00, 1.17377e-13 
1.81750e+00, -8.16276e+08, 0.00000e+00, 1.14419e-13 
1.82000e+00, -8.20679e+08, 0.00000e+00, 1.11445e-13 
1.82250e+00, -8.24934e+08, 0.00000e+00, 1.08455e-13 
1.82500e+00, -8.29039e+08, 0.00000e+00, 1.05450e-13 
1.82750e+00, -8.32995e+08, 0.00000e+00, 1.02431e-13 
1.83000e+00, -8.36800e+08, 0.00000e+00, 9.93983e-14 
1.83250e+00, -8.40455e+08, 0.00000e+00, 9.63520e-14 
1.83500e+00, -8.43959e+08, 0.00000e+00, 9.32931e-14 
1.83750e+00, -8.47312e+08, 0.00000e+00, 9.02219e-14 
1.84000e+00, -8.50513e+08, 0.00000e+00, 8.71390e-14 
1.84250e+00, -8.53562e+08, 0.00000e+00, 8.40450e-14 
1.84500e+00, -8.56458e+08, 0.00000e+00, 8.09405e-14 
1.84750e+00, -8.59201e+08, 0.00000e+00, 7.78259e-14 
1.85000e+00, -8.61791e+08, 0.00000e+00, 7.47019e-14 
1.85250e+00, -8.64229e+08, 0.00000e+00, 7.15690e-14 
1.85500e+00, -8.66512e+08, 0.00000e+00, 6.84277e-14 
1.85750e+00, -8.68642e+08, 0.00000e+00, 6.52787e-14 
1.86000e+00, -8.70618e+08, 0.00000e+00, 6.21224e-14 
1.86250e+00, -8.72439e+08, 0.00000e+00, 5.89595e-14 
1.86500e+00, -8.74107e+08, 0.00000e+00, 5.57904e-14 
1.86750e+00, -8.75620e+08, 0.00000e+00, 5.26158e-14 
1.87000e+00, -8.76979e+08, 0.00000e+00, 4.94362e-14 
1.87250e+00, -8.78184e+08, 0.00000e+00, 4.62522e-14 
1.87500e+00, -8.79234e+08, 0.00000e+00, 4.30643e-14 
1.87750e+00, -8.80130e+08, 0.00000e+00, 3.98730e-14 
1.88000e+00, -8.80871e+08, 0.00000e+00, 3.66790e-14 
1.88250e+00, -8.81458e+08, 0.00000e+00, 3.34829e-14 
1.88500e+00, -8.81892e+08, 0.00000e+00, 3.02850e-14 
1.88750e+00, -8.82170e+08, 0.00000e+00, 2.70861e-14 
1.89000e+00, -8.82295e+08, 0.00000e+00, 2.38867e-14 
1.89250e+00, -8.82267e+08, 0.00000e+00, 2.06873e-14 
1.89500e+00, -8.82084e+08, 0.00000e+00, 1.74885e-14 
1.89750e+00, -8.81749e+08, 0.00000e+00, 1.42908e-14 
1.90000e+00, -8.81260e+08, 0.00000e+00, 1.10948e-14 
1.90250e+00, -8.80619e+08, 0.00000e+00, 7.90111e-15 
1.90500e+00, -8.79825e+08, 0.00000e+00, 4.71020e-15 
1.90750e+00, -8.78878e+08, 0.00000e+00, 1.52265e-15 
1.91000e+00, -8.77780e+08, 0.00000e+00, -1.66100e-15 
1.91250e+00, -8.76531e+08, 0.00000e+00, -4.84019e-15 
1.91500e+00, -8.75130e+08, 0.00000e+00, -8.01437e-15 
1.91750e+00, -8.73579e+08, 0.00000e+00, -1.11830e-14 
1.92000e+00, -8.71878e+08, 0.00000e+00, -1.43456e-14 
1.92250e+00, -8.70026e+08, 0.00000e+00, -1.75015e-14 
1.92500e+00, -8.68026e+08, 0.00000e+00, -2.06502e-14 
1.92750e+00, -8.65877e+08, 0.00000e+00, -2.37912e-14 
1.93000e+00, -8.63580e+08, 0.00000e+00, -2.69240e-14 
1.93250e+00, -8.61136e+08, 0.00000e+00, -3.00479e-14 
1.93500e+00, -8.58544e+08, 0.00000e+00, -3.31626e-14 
1.93750e+00, -8.55806e+08, 0.00000e+00, -3.62674e-14 
1.94000e+00, -8.52923e+08, 0.00000e+00, -3.93618e-14 
1.94250e+00, -8.49894e+08, 0.00000e+00, -4.24453e-14 
1.94500e+00, -8.46721e+08, 0.00000e+00, -4.55174e-14 
1.94750e+00, -8.43405e+08, 0.00000e+00, -4.85776e-14 
1.95000e+00, -8.39946e+08, 0.00000e+00, -5.16253e-14 
1.95250e+00, -8.36345e+08, 0.00000e+00, -5.46600e-14 
1.95500e+00, -8.32602e+08, 0.00000e+00, -5.76812e-14 
1.95750e+00, -8.28719e+08, 0.00000e+00, -6.06884e-14 
1.96000e+00, -8.24697e+08, 0.00000e+00, -6.36811e-14 
1.96250e+00, -8.20536e+08, 0.00000e+00, -6.66587e-14 
1.96500e+00, -8.16237e+08, 0.00000e+00, -6.96209e-14 
1.96750e+00, -8.11801e+08, 0.00000e+00, -7.25671e-14 
1.97000e+00, -8.07229e+08, 0.00000e+00, -7.54967e-14 
1.97250e+00, -8.02522e+08, 0.00000e+00, -7.84094e-14 
1.97500e+00, -7.97680e+08, 0.00000e+00, -8.13046e-14 
1.97750e+00, -7.92706e+08, 0.00000e+00, -8.41819e-14 
1.98000e+00, -7.87600e+08, 0.00000e+00, -8.70407e-14 
1.98250e+00, -7.82363e+08, 0.00000e+00, -8.98805e-14 
1.98500e+00, -7.76995e+08, 0.00000e+00, -9.27010e-14 
1.98750e+00, -7.71499e+08, 0.00000e+00, -9.55017e-14 
1.99000e+00, -7.65875e+08, 0.00000e+00, -9.82820e-14 
1.99250e+00, -7.60125e+08, 0.00000e+00, -1.01042e-13 
1.99500e+00, -7.54249e+08, 0.00000e+00, -1.03780e-13 
1.99750e+00, -7.48248e+08, 0.00000e+00, -1.06497e-13 
2.00000e+00, -7.42125e+08, 0.00000e+00, -1.09191e-13 
2.00250e+00, -7.35879e+08, 0.00000e+00, -1.11863e-13 
2.00500e+00, -7.29513e+08, 0.00000e+00, -1.14512e-13 
2.00750e+00, -7.23027e+08, 0.00000e+00, -1.17137e-13 
2.01000e+00, -7.16423e+08, 0.00000e+00, -1.19739e-13 
2.01250e+00, -7.09703e+08, 0.00000e+00, -1.22316e-13 
2.01500e+00, -7.02866e+08, 0.00000e+00, -1.24869e-13 
2.01750e+00, -6.95915e+08, 0.00000e+00, -1.27396e-13 
2.02000e+00, -6.88851e+08, 0.00000e+00, -1.29898e-13 
2.02250e+00, -6.81676e+08, 0.00000e+00, -1.32374e-13 
2.02500e+00, -6.74390e+08, 0.00000e+00, -1.34824e-13 
2.02750e+00, -6.66996e+08, 0.00000e+00, -1.37247e-13 
2.03000e+00, -6.59494e+08, 0.00000e+00, -1.39643e-13 
2.03250e+00, -6.51886e+08, 0.00000e+00, -1.42011e-13 
2.03500e+00, -6.44173e+08, 0.00000e+00, -1.44351e-13 
2.03750e+00, -6.36357e+08, 0.00000e+00, -1.46663e-13 
2.04000e+00, -6.28440e+08, 0.00000e+00, -1.48947e-13 
2.04250e+00, -6.20422e+08, 0.00000e+00, -1.51201e-13 
2.04500e+00, -6.12306e+08, 0.00000e+00, -1.53426e-13 
2.04750e+00, -6.04093e+08, 0.00000e+00, -1.55622e-13 
2.05000e+00, -5.95783e+08, 0.00000e+00, -1.57787e-13 
2.05250e+00, -5.87380e+08, 0.00000e+00, -1.59922e-13 
2.05500e+00, -5.78885e+08, 0.00000e+00, -1.62026e-13 
2.05750e+00, -5.70298e+08, 0.00000e+00, -1.64099e-13 
2.06000e+00, -5.61622e+08, 0.00000e+00, -1.66141e-13 
2.06250e+00, -5.52859e+08, 0.00000e+00, -1.68151e-13 
2.06500e+00, -5.44009e+08, 0.00000e+00, -1.70129e-13 
2.06750e+00, -5.35075e+08, 0.00000e+00, -1.72075e-13 
2.07000e+00, -5.26058e+08, 0.00000e+00, -1.73988e-13 
2.07250e+00, -5.16960e+08, 0.00000e+00, -1.75868e-13 
2.07500e+00, -5.07782e+08, 0.00000e+00, -1.77714e-13 
2.07750e+00, -4.98526e+08, 0.00000e+00, -1.79528e-13 
2.08000e+00, -4.89195e+08, 0.00000e+00, -1.81307e-13 
2.08250e+00, -4.79789e+08, 0.00000e+00, -1.83053e-13 
2.08500e+00, -4.70310e+08, 0.00000e+00, -1.84764e-13 
2.08750e+00, -4.60760e+08, 0.00000e+00, -1.86441e-13 
2.09000e+00, -4.51141e+08, 0.00000e+00, -1.88083e-13 
2.09250e+00, -4.41455e+08, 0.00000e+00, -1.89689e-13 
2.09500e+00, -4.31702e+08, 8.09319e-319, -1.91261e-13 
2.09750e+00, -4.21886e+08, 4.94066e-324, -1.92797e-13 
2.10000e+00, -4.12008e+08, 8.98931e-318, -1.94297e-13 
2.10250e+00, -4.02069e+08, 9.00543e-318, -1.95761e-13 
2.10500e+00, -3.92071e+08, 2.02369e-320, -1.97189e-13 
2.10750e+00, -3.82017e+08, 1.09279e-317, -1.98580e-13 
2.11000e+00, -3.71907e+08, 1.07863e-317, -1.99935e-13 
2.11250e+00, -3.61745e+08, 0.00000e+00, -2.01253e-13 
2.11500e+00, -3.51531e+08, 0.00000e+00, -2.02534e-13 
2.11750e+00, -3.41267e+08, 0.00000e+00, -2.03778e-13 
2.12000e+00, -3.30956e+08, 0.00000e+00, -2.04985e-13 
2.12250e+00, -3.20599e+08, 0.00000e+00, -2.06154e-13 
2.12500e+00, -3.10197e+08, 0.00000e+00, -2.07286e-13 
2.12750e+00, -2.99754e+08, 0.00000e+00, -2.08379e-13 
2.13000e+00, -2.89270e+08, 0.00000e+00, -2.09435e-13 
2.13250e+00, -2.78748e+08, 0.00000e+00, -2.10452e-13 
2.13500e+00, -2.68189e+08, 0.00000e+00, -2.11432e-13 
2.13750e+00, -2.57596e+08, 0.00000e+00, -2.12372e-13 
2.14000e+00, -2.46969e+08, 0.00000e+00, -2.13275e-13 
2.14250e+00, -2.36312e+08, 0.00000e+00, -2.14139e-13 
2.14500e+00, -2.25625e+08, 0.00000e+00, -2.14964e-13 
2.14750e+00, -2.14912e+08, 0.00000e+00, -2.15750e-13 
2.15000e+00, -2.04173e+08, 0.00000e+00, -2.16497e-13 
2.15250e+00, -1.93411e+08, 6.92903e-310, -2.17206e-13 
2.15500e+00, -1.82627e+08, 8.48798e-314, -2.17875e-13 
2.15750e+00, -1.71823e+08, 3.87347e-321, -2.18505e-13 
2.16000e+00, -1.61002e+08, 9.79238e-318, -2.19096e-13 
2.16250e+00, -1.50165e+08, 1.38338e-322, -2.19647e-13 
2.16500e+00, -1.39314e+08, 0.00000e+00, -2.20160e-13 
2.16750e+00, -1.28451e+08, 2.02369e-320, -2.20633e-13 
2.17000e+00, -1.17578e+08, 8.09477e-319, -2.21066e-13 
2.17250e+00, -1.06697e+08, 8.48798e-314, -2.21460e-13 
2.17500e+00, -9.58088e+07, 1.77217e-318, -2.21815e-13 
2.17750e+00, -8.49167e+07, 1.07976e-317, -2.22130e-13 
2.18000e+00, -7.40220e+07, 3.71063e-319, -2.22406e-13 
2.18250e+00, -6.31267e+07, 1.08821e-317, -2.22642e-13 
2.18500e+00, -5.22326e+07, 3.95253e-323, -2.22839e-13 
2.18750e+00, -4.13416e+07, 4.18968e-321, -2.22996e-13 
2.19000e+00, -3.04557e+07, 8.48798e-314, -2.23114e-13 
2.19250e+00, -1.95767e+07, 3.35965e-322, -2.23192e-13 
2.19500e+00, -8.70644e+06, 1.07976e-317, -2.23231e-13 
2.19750e+00, 2.15312e+06, 7.11455e-322, -2.23231e-13 
2.20000e+00, 1.30001e+07, 4.18968e-321, -2.23191e-13 
2.20250e+00, 2.38328e+07, 3.95253e-323, -2.23112e-13 
2.20500e+00, 3.46491e+07, 9.79252e-318, -2.22994e-13 
2.20750e+00, 4.54473e+07, 1.35647e-313, -2.22836e-13 
2.21000e+00, 5.62254e+07, 0.00000e+00, -2.22640e-13 
2.21250e+00, 6.69818e+07, 1.07976e-317, -2.22404e-13 
2.21500e+00, 7.77144e+07, 6.96435e-320, -2.22130e-13 
2.21750e+00, 8.84215e+07, 1.97626e-323, -2.21817e-13 
2.22000e+00, 9.91013e+07, 8.69131e-311, -2.21465e-13 
2.22250e+00, 1.09752e+08, 0.00000e+00, -2.21074e-13 
2.22500e+00, 1.20371e+08, 1.11889e-317, -2.20645e-13 
2.22750e+00, 1.30958e+08, 6.95305e-310, -2.20178e-13 
2.23000e+00, 1.41510e+08, 4.94066e-324, -2.19672e-13 
2.23250e+00, 1.52026e+08, 4.94066e-324, -2.19128e-13 
2.23500e+00, 1.62503e+08, 4.94066e-324, -2.18546e-13 
2.23750e+00, 1.72941e+08, 6.95305e-310, -2.17926e-13 
2.24000e+00, 1.83336e+08, 0.00000e+00, -2.17269e-13 
2.24250e+00, 1.93689e+08, 4.94066e-324, -2.16574e-13 
2.24500e+00, 2.03995e+08, 0.00000e+00, -2.15841e-13 
2.24750e+00, 2.14255e+08, 6.95305e-310, -2.15072e-13 
2.25000e+00, 2.24466e+08, 6.92903e-310, -2.14265e-13 
2.25250e+00, 2.34627e+08, 6.92903e-310, -2.13422e-13 
2.25500e+00, 2.44735e+08, 6.92903e-310, -2.12541e-13 
2.25750e+00, 2.54790e+08, 4.11063e-321, -2.11625e-13 
2.26000e+00, 2.64789e+08, 8.49081e-319, -2.10672e-13 
2.26250e+00, 2.74730e+08, 1.89142e-307, -2.09683e-13 
2.26500e+00, 2.84613e+08, 3.16202e-322, -2.08658e-13 
2.26750e+00, 2.94435e+08, 8.48798e-314, -2.07597e-13 
2.27000e+00, 3.04195e+08, 1.38338e-322, -2.06501e-13 
2.27250e+00, 3.13891e+08, 0.00000e+00, -2.05370e-13 
2.27500e+00, 3.23521e+08, 8.09319e-319, -2.04204e-13 
2.27750e+00, 3.33085e+08, 0.00000e+00, -2.03003e-13 
2.28000e+00, 3.42580e+08, 2.10078e-312, -2.01768e-13 
2.28250e+00, 3.52004e+08, 9.00543e-318, -2.00498e-13 
2.28500e+00, 3.61357e+08, 3.95253e-323, -1.99195e-13 
2.28750e+00, 3.70636e+08, 6.95305e-310, -1.97858e-13 
2.29000e+00, 3.79840e+08, 6.95305e-310, -1.96487e-13 
2.29250e+00, 3.88968e+08, 4.65034e-310, -1.95083e-13 
2.29500e+00, 3.98018e+08, 4.94066e-324, -1.93647e-13 
2.29750e+00, 4.06988e+08, 6.95305e-310, -1.92178e-13 
2.30000e+00, 4.15878e+08, 6.95305e-310, -1.90676e-13 
2.30250e+00, 4.24685e+08, 4.65034e-310, -1.89143e-13 
2.30500e+00, 4.33408e+08, 1.08222e-312, -1.87578e-13 
2.30750e+00, 4.42046e+08, -7.85302e+223, -1.85982e-13 
2.31000e+00, 4.50598e+08, 4.65034e-310, -1.84354e-13 
2.31250e+00, 4.59061e+08, 0.00000e+00, -1.82696e-13 
2.31500e+00, 4.67435e+08, -8.81007e-26, -1.81007e-13 
2.31750e+00, 4.75718e+08, 6.95305e-310, -1.79288e-13 
2.32000e+00, 4.83908e+08, 2.16444e-312, -1.77540e-13 
2.32250e+00, 4.92006e+08, 3.95253e-323, -1.75762e-13 
2.32500e+00, 5.00008e+08, 4.65034e-310, -1.73955e-13 
2.32750e+00, 5.07915e+08, 6.95305e-310, -1.72119e-13 
2.33000e+00, 5.15723e+08, 2.27270e-322, -1.70255e-13 
2.33250e+00, 5.23434e+08, 2.16444e-312, -1.68363e-13 
2.33500e+00, 5.31044e+08, 6.95305e-310, -1.66443e-13 
2.33750e+00, 5.38553e+08, 2.96495e-308, -1.64496e-13 
2.34000e+00, 5.45960e+08, 6.92903e-310, -1.62522e-13 
2.34250e+00, 5.53264e+08, 4.65034e-310, -1.60522e-13 
2.34500e+00, 5.60463e+08, 4.65034e-310, -1.58495e-13 
2.34750e+00, 5.67556e+08, 1.01856e-312, -1.56443e-13 
2.35000e+00, 5.74542e+08, 1.69563e-320, -1.54365e-13 
2.35250e+00, 5.81420e+08, 6.92895e-310, -1.52262e-13 
2.35500e+00, 5.88189e+08, 6.95305e-310, -1.50134e-13 
2.35750e+00, 5.94847e+08, 9.88131e-324, -1.47983e-13 
2.36000e+00, 6.01395e+08, 2.12200e-314, -1.45807e-13 
2.36250e+00, 6.07830e+08, 2.12200e-314, -1.43608e-13 
2.36500e+00, 6.14152e+08, 6.92903e-310, -1.41386e-13 
2.36750e+00, 6.20359e+08, 0.00000e+00, -1.39142e-13 
2.37000e+00, 6.26452e+08, 0.00000e+00, -1.36875e-13 
2.37250e+00, 6.32428e+08, -nan, -1.34587e-13 
2.37500e+00, 6.38287e+08, 6.95305e-310, -1.32277e-13 
2.37750e+00, 6.44028e+08, 2.89101e-310, -1.29946e-13 
2.38000e+00, 6.49650e+08, 0.00000e+00, -1.27595e-13 
2.38250e+00, 6.55153e+08, 0.00000e+00, -1.25224e-13 
2.38500e+00, 6.60534e+08, 0.00000e+00, -1.22833e-13 
2.38750e+00, 6.65795e+08, 0.00000e+00, -1.20423e-13 
2.39000e+00, 6.70933e+08, 0.00000e+00, -1.17995e-13 
2.39250e+00, 6.75948e+08, 0.00000e+00, -1.15548e-13 
2.39500e+00, 6.80840e+08, 0.00000e+00, -1.13083e-13 
2.39750e+00, 6.85607e+08, 6.92903e-310, -1.10601e-13 
2.40000e+00, 6.90249e+08, -nan, -1.08102e-13 
2.40250e+00, 6.94765e+08, 4.69362e-322, -1.05586e-13 
2.40500e+00, 6.99155e+08, 1.71935e-320, -1.03055e-13 
2.40750e+00, 7.03417e+08, 4.94066e-324, -1.00508e-13 
2.41000e+00, 7.07552e+08, 0.00000e+00, -9.79456e-14 
2.41250e+00, 7.11558e+08, 1.56506e-317, -9.53689e-14 
2.41500e+00, 7.15436e+08, 1.82804e-322, -9.27779e-14 
2.41750e+00, 7.19184e+08, 6.95305e-310, -9.01733e-14 
2.42000e+00, 7.22802e+08, 6.95305e-310, -8.75555e-14 
2.42250e+00, 7.26289e+08, 6.95305e-310, -8.49250e-14 
2.42500e+00, 7.29646e+08, 6.95314e-310, -8.22822e-14 
2.42750e+00, 7.32871e+08, 3.16202e-322, -7.96276e-14 
2.43000e+00, 7.35964e+08, 0.00000e+00, -7.69616e-14 
2.43250e+00, 7.38925e+08, 0.00000e+00, -7.42849e-14 
2.43500e+00, 7.41754e+08, 4.65034e-310, -7.15978e-14 
2.43750e+00, 7.44449e+08, -nan, -6.89008e-14 
2.44000e+00, 7.47011e+08, 4.65034e-310, -6.61944e-14 
2.44250e+00, 7.49440e+08, 4.94066e-324, -6.34791e-14 
2.44500e+00, 7.51734e+08, 0.00000e+00, -6.07554e-14 
2.44750e+00, 7.53894e+08, 1.06677e-316, -5.80238e-14 
2.45000e+00, 7.55920e+08, 1.06677e-316, -5.52847e-14 
2.45250e+00, 7.57811e+08, 4.12579e-314, -5.25386e-14 
2.45500e+00, 7.59567e+08, 1.35808e-312, -4.97861e-14 
2.45750e+00, 7.61188e+08, 4.65034e-310, -4.70276e-14 
2.46000e+00, 7.62674e+08, 4.76773e-321, -4.42636e-14 
2.46250e+00, 7.64025e+08, 9.88131e-324, -4.14946e-14 
2.46500e+00, 7.65240e+08, 6.92903e-310, -3.87211e-14 
2.46750e+00, 7.66319e+08, 6.92903e-310, -3.59436e-14 
2.47000e+00, 7.67263e+08, 0.00000e+00, -3.31625e-14 
2.47250e+00, 7.68072e+08, 4.65034e-310, -3.03784e-14 
2.47500e+00, 7.68745e+08, 6.95305e-310, -2.75918e-14 
2.47750e+00, 7.69282e+08, 1.01887e-80, -2.48031e-14 
2.48000e+00, 7.69683e+08, 1.71034e+219, -2.20128e-14 
2.48250e+00, 7.69950e+08, 6.92903e-310, -1.92215e-14 
2.48500e+00, 7.70080e+08, 2.12200e-314, -1.64295e-14 
2.48750e+00, 7.70076e+08, 3.85925e-86, -1.36375e-14 
2.49000e+00, 7.69936e+08, 6.92903e-310, -1.08459e-14 
2.49250e+00, 7.69661e+08, 6.92903e-310, -8.05520e-15 
2.49500e+00, 7.69252e+08, 4.65034e-310, -5.26585e-15 
2.49750e+00, 7.68707e+08, 0.00000e+00, -2.47837e-15 
2.50000e+00, 7.68029e+08, 4.65034e-310, 3.06765e-16 
