r(m), B_r(T), B_theta(T), B_z(T) 
0.00000e+00, 1.10047e+00, 1.10047e+00, -0.00000e+00 
2.50000e-03, 1.10047e+00, 1.10047e+00, -2.79084e-03 
5.00000e-03, 1.10047e+00, 1.10046e+00, -5.58167e-03 
7.50000e-03, 1.10047e+00, 1.10045e+00, -8.37246e-03 
1.00000e-02, 1.10046e+00, 1.10043e+00, -1.11632e-02 
1.25000e-02, 1.10045e+00, 1.10040e+00, -1.39539e-02 
1.50000e-02, 1.10044e+00, 1.10037e+00, -1.67445e-02 
1.75000e-02, 1.10042e+00, 1.10034e+00, -1.95351e-02 
2.00000e-02, 1.10041e+00, 1.10029e+00, -2.23255e-02 
2.25000e-02, 1.10039e+00, 1.10025e+00, -2.51158e-02 
2.50000e-02, 1.10037e+00, 1.10019e+00, -2.79060e-02 
2.75000e-02, 1.10035e+00, 1.10014e+00, -3.06960e-02 
3.00000e-02, 1.10033e+00, 1.10007e+00, -3.34859e-02 
3.25000e-02, 1.10030e+00, 1.10000e+00, -3.62756e-02 
3.50000e-02, 1.10027e+00, 1.09992e+00, -3.90651e-02 
3.75000e-02, 1.10024e+00, 1.09984e+00, -4.18544e-02 
4.00000e-02, 1.10021e+00, 1.09976e+00, -4.46435e-02 
4.25000e-02, 1.10018e+00, 1.09966e+00, -4.74324e-02 
4.50000e-02, 1.10014e+00, 1.09957e+00, -5.02210e-02 
4.75000e-02, 1.10010e+00, 1.09946e+00, -5.30093e-02 
5.00000e-02, 1.10006e+00, 1.09935e+00, -5.57974e-02 
5.25000e-02, 1.10002e+00, 1.09924e+00, -5.85852e-02 
5.50000e-02, 1.09997e+00, 1.09912e+00, -6.13726e-02 
5.75000e-02, 1.09993e+00, 1.09899e+00, -6.41598e-02 
6.00000e-02, 1.09988e+00, 1.09886e+00, -6.69466e-02 
6.25000e-02, 1.09983e+00, 1.09872e+00, -6.97330e-02 
6.50000e-02, 1.09978e+00, 1.09858e+00, -7.25191e-02 
6.75000e-02, 1.09972e+00, 1.09843e+00, -7.53049e-02 
7.00000e-02, 1.09966e+00, 1.09828e+00, -7.80902e-02 
7.25000e-02, 1.09960e+00, 1.09812e+00, -8.08751e-02 
7.50000e-02, 1.09954e+00, 1.09795e+00, -8.36596e-02 
7.75000e-02, 1.09948e+00, 1.09778e+00, -8.64436e-02 
8.00000e-02, 1.09942e+00, 1.09760e+00, -8.92272e-02 
8.25000e-02, 1.09935e+00, 1.09742e+00, -9.20104e-02 
8.50000e-02, 1.09928e+00, 1.09723e+00, -9.47930e-02 
8.75000e-02, 1.09921e+00, 1.09704e+00, -9.75752e-02 
9.00000e-02, 1.09913e+00, 1.09684e+00, -1.00357e-01 
9.25000e-02, 1.09906e+00, 1.09664e+00, -1.03138e-01 
9.50000e-02, 1.09898e+00, 1.09643e+00, -1.05919e-01 
9.75000e-02, 1.09890e+00, 1.09621e+00, -1.08699e-01 
1.00000e-01, 1.09882e+00, 1.09599e+00, -1.11478e-01 
1.02500e-01, 1.09874e+00, 1.09576e+00, -1.14257e-01 
1.05000e-01, 1.09865e+00, 1.09553e+00, -1.17035e-01 
1.07500e-01, 1.09856e+00, 1.09529e+00, -1.19813e-01 
1.10000e-01, 1.09847e+00, 1.09505e+00, -1.22590e-01 
1.12500e-01, 1.09838e+00, 1.09480e+00, -1.25366e-01 
1.15000e-01, 1.09829e+00, 1.09455e+00, -1.28142e-01 
1.17500e-01, 1.09819e+00, 1.09429e+00, -1.30917e-01 
1.20000e-01, 1.09809e+00, 1.09402e+00, -1.33691e-01 
1.22500e-01, 1.09799e+00, 1.09375e+00, -1.36465e-01 
1.25000e-01, 1.09789e+00, 1.09347e+00, -1.39238e-01 
1.27500e-01, 1.09779e+00, 1.09319e+00, -1.42010e-01 
1.30000e-01, 1.09768e+00, 1.09290e+00, -1.44782e-01 
1.32500e-01, 1.09757e+00, 1.09261e+00, -1.47553e-01 
1.35000e-01, 1.09746e+00, 1.09231e+00, -1.50323e-01 
1.37500e-01, 1.09735e+00, 1.09200e+00, -1.53092e-01 
1.40000e-01, 1.09723e+00, 1.09169e+00, -1.55860e-01 
1.42500e-01, 1.09712e+00, 1.09138e+00, -1.58628e-01 
1.45000e-01, 1.09700e+00, 1.09106e+00, -1.61394e-01 
1.47500e-01, 1.09688e+00, 1.09073e+00, -1.64160e-01 
1.50000e-01, 1.09675e+00, 1.09040e+00, -1.66925e-01 
1.52500e-01, 1.09663e+00, 1.09006e+00, -1.69690e-01 
1.55000e-01, 1.09650e+00, 1.08971e+00, -1.72453e-01 
1.57500e-01, 1.09637e+00, 1.08937e+00, -1.75215e-01 
1.60000e-01, 1.09624e+00, 1.08901e+00, -1.77977e-01 
1.62500e-01, 1.09611e+00, 1.08865e+00, -1.80737e-01 
1.65000e-01, 1.09597e+00, 1.08828e+00, -1.83497e-01 
1.67500e-01, 1.09584e+00, 1.08791e+00, -1.86255e-01 
1.70000e-01, 1.09570e+00, 1.08754e+00, -1.89013e-01 
1.72500e-01, 1.09555e+00, 1.08715e+00, -1.91770e-01 
1.75000e-01, 1.09541e+00, 1.08677e+00, -1.94525e-01 
1.77500e-01, 1.09527e+00, 1.08637e+00, -1.97280e-01 
1.80000e-01, 1.09512e+00, 1.08597e+00, -2.00034e-01 
1.82500e-01, 1.09497e+00, 1.08557e+00, -2.02786e-01 
1.85000e-01, 1.09482e+00, 1.08516e+00, -2.05538e-01 
1.87500e-01, 1.09466e+00, 1.08474e+00, -2.08288e-01 
1.90000e-01, 1.09451e+00, 1.08432e+00, -2.11037e-01 
1.92500e-01, 1.09435e+00, 1.08390e+00, -2.13786e-01 
1.95000e-01, 1.09419e+00, 1.08346e+00, -2.16533e-01 
1.97500e-01, 1.09403e+00, 1.08303e+00, -2.19279e-01 
2.00000e-01, 1.09386e+00, 1.08258e+00, -2.22024e-01 
2.02500e-01, 1.09370e+00, 1.08213e+00, -2.24767e-01 
2.05000e-01, 1.09353e+00, 1.08168e+00, -2.27510e-01 
2.07500e-01, 1.09336e+00, 1.08122e+00, -2.30251e-01 
2.10000e-01, 1.09319e+00, 1.08075e+00, -2.32991e-01 
2.12500e-01, 1.09301e+00, 1.08028e+00, -2.35730e-01 
2.15000e-01, 1.09284e+00, 1.07981e+00, -2.38468e-01 
2.17500e-01, 1.09266e+00, 1.07933e+00, -2.41204e-01 
2.20000e-01, 1.09248e+00, 1.07884e+00, -2.43939e-01 
2.22500e-01, 1.09230e+00, 1.07835e+00, -2.46673e-01 
2.25000e-01, 1.09211e+00, 1.07785e+00, -2.49406e-01 
2.27500e-01, 1.09193e+00, 1.07734e+00, -2.52137e-01 
2.30000e-01, 1.09174e+00, 1.07684e+00, -2.54867e-01 
2.32500e-01, 1.09155e+00, 1.07632e+00, -2.57595e-01 
2.35000e-01, 1.09136e+00, 1.07580e+00, -2.60323e-01 
2.37500e-01, 1.09116e+00, 1.07528e+00, -2.63049e-01 
2.40000e-01, 1.09096e+00, 1.07475e+00, -2.65773e-01 
2.42500e-01, 1.09077e+00, 1.07421e+00, -2.68496e-01 
2.45000e-01, 1.09057e+00, 1.07367e+00, -2.71218e-01 
2.47500e-01, 1.09036e+00, 1.07312e+00, -2.73938e-01 
2.50000e-01, 1.09016e+00, 1.07257e+00, -2.76657e-01 
2.52500e-01, 1.08995e+00, 1.07201e+00, -2.79375e-01 
2.55000e-01, 1.08974e+00, 1.07145e+00, -2.82091e-01 
2.57500e-01, 1.08953e+00, 1.07088e+00, -2.84805e-01 
2.60000e-01, 1.08932e+00, 1.07030e+00, -2.87518e-01 
2.62500e-01, 1.08910e+00, 1.06972e+00, -2.90230e-01 
2.65000e-01, 1.08889e+00, 1.06914e+00, -2.92940e-01 
2.67500e-01, 1.08867e+00, 1.06855e+00, -2.95648e-01 
2.70000e-01, 1.08845e+00, 1.06795e+00, -2.98355e-01 
2.72500e-01, 1.08823e+00, 1.06735e+00, -3.01061e-01 
2.75000e-01, 1.08800e+00, 1.06674e+00, -3.03764e-01 
2.77500e-01, 1.08777e+00, 1.06613e+00, -3.06467e-01 
2.80000e-01, 1.08754e+00, 1.06551e+00, -3.09167e-01 
2.82500e-01, 1.08731e+00, 1.06489e+00, -3.11866e-01 
2.85000e-01, 1.08708e+00, 1.06426e+00, -3.14564e-01 
2.87500e-01, 1.08685e+00, 1.06362e+00, -3.17259e-01 
2.90000e-01, 1.08661e+00, 1.06298e+00, -3.19953e-01 
2.92500e-01, 1.08637e+00, 1.06234e+00, -3.22646e-01 
2.95000e-01, 1.08613e+00, 1.06169e+00, -3.25336e-01 
2.97500e-01, 1.08588e+00, 1.06103e+00, -3.28025e-01 
3.00000e-01, 1.08564e+00, 1.06037e+00, -3.30713e-01 
3.02500e-01, 1.08539e+00, 1.05971e+00, -3.33398e-01 
3.05000e-01, 1.08514e+00, 1.05903e+00, -3.36082e-01 
3.07500e-01, 1.08489e+00, 1.05836e+00, -3.38764e-01 
3.10000e-01, 1.08464e+00, 1.05767e+00, -3.41444e-01 
3.12500e-01, 1.08438e+00, 1.05699e+00, -3.44123e-01 
3.15000e-01, 1.08413e+00, 1.05629e+00, -3.46800e-01 
3.17500e-01, 1.08387e+00, 1.05560e+00, -3.49475e-01 
3.20000e-01, 1.08361e+00, 1.05489e+00, -3.52148e-01 
3.22500e-01, 1.08334e+00, 1.05418e+00, -3.54819e-01 
3.25000e-01, 1.08308e+00, 1.05347e+00, -3.57488e-01 
3.27500e-01, 1.08281e+00, 1.05275e+00, -3.60156e-01 
3.30000e-01, 1.08254e+00, 1.05202e+00, -3.62821e-01 
3.32500e-01, 1.08227e+00, 1.05129e+00, -3.65485e-01 
3.35000e-01, 1.08200e+00, 1.05056e+00, -3.68147e-01 
3.37500e-01, 1.08172e+00, 1.04981e+00, -3.70807e-01 
3.40000e-01, 1.08144e+00, 1.04907e+00, -3.73465e-01 
3.42500e-01, 1.08117e+00, 1.04832e+00, -3.76121e-01 
3.45000e-01, 1.08088e+00, 1.04756e+00, -3.78775e-01 
3.47500e-01, 1.08060e+00, 1.04680e+00, -3.81427e-01 
3.50000e-01, 1.08032e+00, 1.04603e+00, -3.84077e-01 
3.52500e-01, 1.08003e+00, 1.04526e+00, -3.86725e-01 
3.55000e-01, 1.07974e+00, 1.04448e+00, -3.89371e-01 
3.57500e-01, 1.07945e+00, 1.04369e+00, -3.92015e-01 
3.60000e-01, 1.07915e+00, 1.04290e+00, -3.94657e-01 
3.62500e-01, 1.07886e+00, 1.04211e+00, -3.97297e-01 
3.65000e-01, 1.07856e+00, 1.04131e+00, -3.99935e-01 
3.67500e-01, 1.07826e+00, 1.04051e+00, -4.02571e-01 
3.70000e-01, 1.07796e+00, 1.03970e+00, -4.05204e-01 
3.72500e-01, 1.07766e+00, 1.03888e+00, -4.07836e-01 
3.75000e-01, 1.07735e+00, 1.03806e+00, -4.10465e-01 
3.77500e-01, 1.07705e+00, 1.03723e+00, -4.13092e-01 
3.80000e-01, 1.07674e+00, 1.03640e+00, -4.15718e-01 
3.82500e-01, 1.07643e+00, 1.03557e+00, -4.18340e-01 
3.85000e-01, 1.07611e+00, 1.03473e+00, -4.20961e-01 
3.87500e-01, 1.07580e+00, 1.03388e+00, -4.23580e-01 
3.90000e-01, 1.07548e+00, 1.03303e+00, -4.26196e-01 
3.92500e-01, 1.07516e+00, 1.03217e+00, -4.28810e-01 
3.95000e-01, 1.07484e+00, 1.03131e+00, -4.31422e-01 
3.97500e-01, 1.07452e+00, 1.03044e+00, -4.34032e-01 
4.00000e-01, 1.07419e+00, 1.02957e+00, -4.36639e-01 
4.02500e-01, 1.07387e+00, 1.02869e+00, -4.39244e-01 
4.05000e-01, 1.07354e+00, 1.02781e+00, -4.41847e-01 
4.07500e-01, 1.07321e+00, 1.02692e+00, -4.44447e-01 
4.10000e-01, 1.07287e+00, 1.02602e+00, -4.47046e-01 
4.12500e-01, 1.07254e+00, 1.02513e+00, -4.49641e-01 
4.15000e-01, 1.07220e+00, 1.02422e+00, -4.52235e-01 
4.17500e-01, 1.07186e+00, 1.02331e+00, -4.54826e-01 
4.20000e-01, 1.07152e+00, 1.02240e+00, -4.57415e-01 
4.22500e-01, 1.07118e+00, 1.02148e+00, -4.60001e-01 
4.25000e-01, 1.07084e+00, 1.02055e+00, -4.62585e-01 
4.27500e-01, 1.07049e+00, 1.01962e+00, -4.65167e-01 
4.30000e-01, 1.07014e+00, 1.01869e+00, -4.67746e-01 
4.32500e-01, 1.06979e+00, 1.01775e+00, -4.70322e-01 
4.35000e-01, 1.06944e+00, 1.01680e+00, -4.72897e-01 
4.37500e-01, 1.06908e+00, 1.01585e+00, -4.75468e-01 
4.40000e-01, 1.06873e+00, 1.01490e+00, -4.78038e-01 
4.42500e-01, 1.06837e+00, 1.01394e+00, -4.80604e-01 
4.45000e-01, 1.06801e+00, 1.01297e+00, -4.83169e-01 
4.47500e-01, 1.06765e+00, 1.01200e+00, -4.85730e-01 
4.50000e-01, 1.06728e+00, 1.01103e+00, -4.88290e-01 
4.52500e-01, 1.06692e+00, 1.01005e+00, -4.90846e-01 
4.55000e-01, 1.06655e+00, 1.00906e+00, -4.93400e-01 
4.57500e-01, 1.06618e+00, 1.00807e+00, -4.95952e-01 
4.60000e-01, 1.06581e+00, 1.00707e+00, -4.98501e-01 
4.62500e-01, 1.06543e+00, 1.00607e+00, -5.01047e-01 
4.65000e-01, 1.06506e+00, 1.00507e+00, -5.03591e-01 
4.67500e-01, 1.06468e+00, 1.00405e+00, -5.06132e-01 
4.70000e-01, 1.06430e+00, 1.00304e+00, -5.08671e-01 
4.72500e-01, 1.06392e+00, 1.00202e+00, -5.11206e-01 
4.75000e-01, 1.06354e+00, 1.00099e+00, -5.13740e-01 
4.77500e-01, 1.06315e+00, 9.99958e-01, -5.16270e-01 
4.80000e-01, 1.06276e+00, 9.98922e-01, -5.18798e-01 
4.82500e-01, 1.06237e+00, 9.97880e-01, -5.21323e-01 
4.85000e-01, 1.06198e+00, 9.96834e-01, -5.23845e-01 
4.87500e-01, 1.06159e+00, 9.95782e-01, -5.26365e-01 
4.90000e-01, 1.06119e+00, 9.94726e-01, -5.28882e-01 
4.92500e-01, 1.06080e+00, 9.93664e-01, -5.31396e-01 
4.95000e-01, 1.06040e+00, 9.92598e-01, -5.33907e-01 
4.97500e-01, 1.06000e+00, 9.91526e-01, -5.36416e-01 
5.00000e-01, 1.05959e+00, 9.90450e-01, -5.38922e-01 
5.02500e-01, 1.05919e+00, 9.89368e-01, -5.41425e-01 
5.05000e-01, 1.05878e+00, 9.88282e-01, -5.43925e-01 
5.07500e-01, 1.05837e+00, 9.87190e-01, -5.46422e-01 
5.10000e-01, 1.05796e+00, 9.86094e-01, -5.48917e-01 
5.12500e-01, 1.05755e+00, 9.84993e-01, -5.51408e-01 
5.15000e-01, 1.05714e+00, 9.83886e-01, -5.53897e-01 
5.17500e-01, 1.05672e+00, 9.82775e-01, -5.56383e-01 
5.20000e-01, 1.05630e+00, 9.81659e-01, -5.58866e-01 
5.22500e-01, 1.05588e+00, 9.80538e-01, -5.61346e-01 
5.25000e-01, 1.05546e+00, 9.79412e-01, -5.63823e-01 
5.27500e-01, 1.05504e+00, 9.78281e-01, -5.66297e-01 
5.30000e-01, 1.05461e+00, 9.77146e-01, -5.68768e-01 
5.32500e-01, 1.05419e+00, 9.76005e-01, -5.71236e-01 
5.35000e-01, 1.05376e+00, 9.74859e-01, -5.73702e-01 
5.37500e-01, 1.05332e+00, 9.73709e-01, -5.76164e-01 
5.40000e-01, 1.05289e+00, 9.72554e-01, -5.78623e-01 
5.42500e-01, 1.05246e+00, 9.71394e-01, -5.81080e-01 
5.45000e-01, 1.05202e+00, 9.70229e-01, -5.83533e-01 
5.47500e-01, 1.05158e+00, 9.69059e-01, -5.85983e-01 
5.50000e-01, 1.05114e+00, 9.67884e-01, -5.88430e-01 
5.52500e-01, 1.05070e+00, 9.66704e-01, -5.90874e-01 
5.55000e-01, 1.05025e+00, 9.65520e-01, -5.93315e-01 
5.57500e-01, 1.04981e+00, 9.64331e-01, -5.95753e-01 
5.60000e-01, 1.04936e+00, 9.63137e-01, -5.98188e-01 
5.62500e-01, 1.04891e+00, 9.61938e-01, -6.00620e-01 
5.65000e-01, 1.04845e+00, 9.60734e-01, -6.03048e-01 
5.67500e-01, 1.04800e+00, 9.59526e-01, -6.05474e-01 
5.70000e-01, 1.04755e+00, 9.58312e-01, -6.07896e-01 
5.72500e-01, 1.04709e+00, 9.57094e-01, -6.10315e-01 
5.75000e-01, 1.04663e+00, 9.55872e-01, -6.12731e-01 
5.77500e-01, 1.04617e+00, 9.54644e-01, -6.15144e-01 
5.80000e-01, 1.04570e+00, 9.53412e-01, -6.17554e-01 
5.82500e-01, 1.04524e+00, 9.52174e-01, -6.19960e-01 
5.85000e-01, 1.04477e+00, 9.50932e-01, -6.22363e-01 
5.87500e-01, 1.04430e+00, 9.49686e-01, -6.24763e-01 
5.90000e-01, 1.04383e+00, 9.48434e-01, -6.27160e-01 
5.92500e-01, 1.04336e+00, 9.47178e-01, -6.29553e-01 
5.95000e-01, 1.04288e+00, 9.45918e-01, -6.31943e-01 
5.97500e-01, 1.04241e+00, 9.44652e-01, -6.34330e-01 
6.00000e-01, 1.04193e+00, 9.43382e-01, -6.36713e-01 
6.02500e-01, 1.04145e+00, 9.42107e-01, -6.39094e-01 
6.05000e-01, 1.04097e+00, 9.40827e-01, -6.41470e-01 
6.07500e-01, 1.04048e+00, 9.39543e-01, -6.43844e-01 
6.10000e-01, 1.04000e+00, 9.38254e-01, -6.46214e-01 
6.12500e-01, 1.03951e+00, 9.36960e-01, -6.48581e-01 
6.15000e-01, 1.03902e+00, 9.35662e-01, -6.50944e-01 
6.17500e-01, 1.03853e+00, 9.34359e-01, -6.53304e-01 
6.20000e-01, 1.03804e+00, 9.33051e-01, -6.55661e-01 
6.22500e-01, 1.03754e+00, 9.31739e-01, -6.58014e-01 
6.25000e-01, 1.03705e+00, 9.30422e-01, -6.60364e-01 
6.27500e-01, 1.03655e+00, 9.29100e-01, -6.62711e-01 
6.30000e-01, 1.03605e+00, 9.27774e-01, -6.65054e-01 
6.32500e-01, 1.03555e+00, 9.26443e-01, -6.67393e-01 
6.35000e-01, 1.03504e+00, 9.25108e-01, -6.69729e-01 
6.37500e-01, 1.03454e+00, 9.23768e-01, -6.72062e-01 
6.40000e-01, 1.03403e+00, 9.22423e-01, -6.74391e-01 
6.42500e-01, 1.03352e+00, 9.21074e-01, -6.76716e-01 
6.45000e-01, 1.03301e+00, 9.19720e-01, -6.79038e-01 
6.47500e-01, 1.03249e+00, 9.18362e-01, -6.81357e-01 
6.50000e-01, 1.03198e+00, 9.16999e-01, -6.83672e-01 
6.52500e-01, 1.03146e+00, 9.15632e-01, -6.85983e-01 
6.55000e-01, 1.03094e+00, 9.14260e-01, -6.88291e-01 
6.57500e-01, 1.03042e+00, 9.12883e-01, -6.90595e-01 
6.60000e-01, 1.02990e+00, 9.11502e-01, -6.92896e-01 
6.62500e-01, 1.02938e+00, 9.10117e-01, -6.95193e-01 
6.65000e-01, 1.02885e+00, 9.08727e-01, -6.97486e-01 
6.67500e-01, 1.02832e+00, 9.07332e-01, -6.99776e-01 
6.70000e-01, 1.02780e+00, 9.05933e-01, -7.02062e-01 
6.72500e-01, 1.02726e+00, 9.04530e-01, -7.04345e-01 
6.75000e-01, 1.02673e+00, 9.03122e-01, -7.06624e-01 
6.77500e-01, 1.02620e+00, 9.01709e-01, -7.08899e-01 
6.80000e-01, 1.02566e+00, 9.00292e-01, -7.11170e-01 
6.82500e-01, 1.02512e+00, 8.98871e-01, -7.13438e-01 
6.85000e-01, 1.02458e+00, 8.97445e-01, -7.15702e-01 
6.87500e-01, 1.02404e+00, 8.96015e-01, -7.17963e-01 
6.90000e-01, 1.02350e+00, 8.94580e-01, -7.20220e-01 
6.92500e-01, 1.02295e+00, 8.93141e-01, -7.22472e-01 
6.95000e-01, 1.02240e+00, 8.91698e-01, -7.24722e-01 
6.97500e-01, 1.02185e+00, 8.90250e-01, -7.26967e-01 
7.00000e-01, 1.02130e+00, 8.88798e-01, -7.29209e-01 
7.02500e-01, 1.02075e+00, 8.87341e-01, -7.31447e-01 
7.05000e-01, 1.02020e+00, 8.85880e-01, -7.33681e-01 
7.07500e-01, 1.01964e+00, 8.84414e-01, -7.35911e-01 
7.10000e-01, 1.01908e+00, 8.82944e-01, -7.38137e-01 
7.12500e-01, 1.01852e+00, 8.81470e-01, -7.40360e-01 
7.15000e-01, 1.01796e+00, 8.79992e-01, -7.42579e-01 
7.17500e-01, 1.01740e+00, 8.78509e-01, -7.44794e-01 
7.20000e-01, 1.01683e+00, 8.77022e-01, -7.47005e-01 
7.22500e-01, 1.01627e+00, 8.75530e-01, -7.49212e-01 
7.25000e-01, 1.01570e+00, 8.74034e-01, -7.51415e-01 
7.27500e-01, 1.01513e+00, 8.72534e-01, -7.53615e-01 
7.30000e-01, 1.01456e+00, 8.71030e-01, -7.55810e-01 
7.32500e-01, 1.01398e+00, 8.69521e-01, -7.58002e-01 
7.35000e-01, 1.01341e+00, 8.68008e-01, -7.60189e-01 
7.37500e-01, 1.01283e+00, 8.66491e-01, -7.62373e-01 
7.40000e-01, 1.01225e+00, 8.64970e-01, -7.64553e-01 
7.42500e-01, 1.01167e+00, 8.63444e-01, -7.66729e-01 
7.45000e-01, 1.01109e+00, 8.61914e-01, -7.68900e-01 
7.47500e-01, 1.01050e+00, 8.60380e-01, -7.71068e-01 
7.50000e-01, 1.00992e+00, 8.58841e-01, -7.73232e-01 
7.52500e-01, 1.00933e+00, 8.57299e-01, -7.75392e-01 
7.55000e-01, 1.00874e+00, 8.55752e-01, -7.77547e-01 
7.57500e-01, 1.00815e+00, 8.54201e-01, -7.79699e-01 
7.60000e-01, 1.00756e+00, 8.52646e-01, -7.81847e-01 
7.62500e-01, 1.00696e+00, 8.51086e-01, -7.83991e-01 
7.65000e-01, 1.00637e+00, 8.49523e-01, -7.86130e-01 
7.67500e-01, 1.00577e+00, 8.47955e-01, -7.88266e-01 
7.70000e-01, 1.00517e+00, 8.46383e-01, -7.90397e-01 
7.72500e-01, 1.00457e+00, 8.44807e-01, -7.92524e-01 
7.75000e-01, 1.00396e+00, 8.43227e-01, -7.94648e-01 
7.77500e-01, 1.00336e+00, 8.41642e-01, -7.96767e-01 
7.80000e-01, 1.00275e+00, 8.40054e-01, -7.98882e-01 
7.82500e-01, 1.00214e+00, 8.38462e-01, -8.00993e-01 
7.85000e-01, 1.00153e+00, 8.36865e-01, -8.03099e-01 
7.87500e-01, 1.00092e+00, 8.35264e-01, -8.05202e-01 
7.90000e-01, 1.00031e+00, 8.33659e-01, -8.07300e-01 
7.92500e-01, 9.99694e-01, 8.32051e-01, -8.09394e-01 
7.95000e-01, 9.99077e-01, 8.30438e-01, -8.11484e-01 
7.97500e-01, 9.98459e-01, 8.28821e-01, -8.13570e-01 
8.00000e-01, 9.97839e-01, 8.27200e-01, -8.15652e-01 
8.02500e-01, 9.97217e-01, 8.25575e-01, -8.17729e-01 
8.05000e-01, 9.96593e-01, 8.23946e-01, -8.19802e-01 
8.07500e-01, 9.95968e-01, 8.22313e-01, -8.21871e-01 
8.10000e-01, 9.95341e-01, 8.20675e-01, -8.23935e-01 
8.12500e-01, 9.94713e-01, 8.19034e-01, -8.25996e-01 
8.15000e-01, 9.94082e-01, 8.17389e-01, -8.28052e-01 
8.17500e-01, 9.93450e-01, 8.15740e-01, -8.30104e-01 
8.20000e-01, 9.92817e-01, 8.14087e-01, -8.32151e-01 
8.22500e-01, 9.92182e-01, 8.12430e-01, -8.34194e-01 
8.25000e-01, 9.91545e-01, 8.10769e-01, -8.36233e-01 
8.27500e-01, 9.90906e-01, 8.09105e-01, -8.38268e-01 
8.30000e-01, 9.90266e-01, 8.07436e-01, -8.40298e-01 
8.32500e-01, 9.89624e-01, 8.05763e-01, -8.42324e-01 
8.35000e-01, 9.88980e-01, 8.04087e-01, -8.44345e-01 
8.37500e-01, 9.88335e-01, 8.02406e-01, -8.46362e-01 
8.40000e-01, 9.87688e-01, 8.00722e-01, -8.48375e-01 
8.42500e-01, 9.87040e-01, 7.99033e-01, -8.50383e-01 
8.45000e-01, 9.86390e-01, 7.97341e-01, -8.52387e-01 
8.47500e-01, 9.85738e-01, 7.95645e-01, -8.54387e-01 
8.50000e-01, 9.85084e-01, 7.93945e-01, -8.56382e-01 
8.52500e-01, 9.84429e-01, 7.92242e-01, -8.58373e-01 
8.55000e-01, 9.83772e-01, 7.90534e-01, -8.60359e-01 
8.57500e-01, 9.83114e-01, 7.88823e-01, -8.62341e-01 
8.60000e-01, 9.82454e-01, 7.87108e-01, -8.64318e-01 
8.62500e-01, 9.81792e-01, 7.85389e-01, -8.66291e-01 
8.65000e-01, 9.81129e-01, 7.83666e-01, -8.68259e-01 
8.67500e-01, 9.80464e-01, 7.81940e-01, -8.70223e-01 
8.70000e-01, 9.79797e-01, 7.80209e-01, -8.72183e-01 
8.72500e-01, 9.79129e-01, 7.78475e-01, -8.74138e-01 
8.75000e-01, 9.78460e-01, 7.76737e-01, -8.76088e-01 
8.77500e-01, 9.77788e-01, 7.74996e-01, -8.78034e-01 
8.80000e-01, 9.77115e-01, 7.73251e-01, -8.79975e-01 
8.82500e-01, 9.76440e-01, 7.71501e-01, -8.81912e-01 
8.85000e-01, 9.75764e-01, 7.69749e-01, -8.83844e-01 
8.87500e-01, 9.75086e-01, 7.67992e-01, -8.85772e-01 
8.90000e-01, 9.74407e-01, 7.66232e-01, -8.87695e-01 
8.92500e-01, 9.73726e-01, 7.64468e-01, -8.89614e-01 
8.95000e-01, 9.73043e-01, 7.62701e-01, -8.91527e-01 
8.97500e-01, 9.72359e-01, 7.60930e-01, -8.93437e-01 
9.00000e-01, 9.71673e-01, 7.59155e-01, -8.95341e-01 
9.02500e-01, 9.70986e-01, 7.57377e-01, -8.97242e-01 
9.05000e-01, 9.70297e-01, 7.55595e-01, -8.99137e-01 
9.07500e-01, 9.69606e-01, 7.53809e-01, -9.01028e-01 
9.10000e-01, 9.68914e-01, 7.52020e-01, -9.02914e-01 
9.12500e-01, 9.68220e-01, 7.50227e-01, -9.04795e-01 
9.15000e-01, 9.67525e-01, 7.48430e-01, -9.06672e-01 
9.17500e-01, 9.66828e-01, 7.46630e-01, -9.08544e-01 
9.20000e-01, 9.66129e-01, 7.44827e-01, -9.10412e-01 
9.22500e-01, 9.65429e-01, 7.43019e-01, -9.12275e-01 
9.25000e-01, 9.64727e-01, 7.41209e-01, -9.14133e-01 
9.27500e-01, 9.64024e-01, 7.39394e-01, -9.15986e-01 
9.30000e-01, 9.63319e-01, 7.37577e-01, -9.17835e-01 
9.32500e-01, 9.62613e-01, 7.35755e-01, -9.19678e-01 
9.35000e-01, 9.61905e-01, 7.33930e-01, -9.21518e-01 
9.37500e-01, 9.61196e-01, 7.32102e-01, -9.23352e-01 
9.40000e-01, 9.60485e-01, 7.30270e-01, -9.25182e-01 
9.42500e-01, 9.59772e-01, 7.28435e-01, -9.27006e-01 
9.45000e-01, 9.59058e-01, 7.26596e-01, -9.28826e-01 
9.47500e-01, 9.58342e-01, 7.24754e-01, -9.30642e-01 
9.50000e-01, 9.57625e-01, 7.22908e-01, -9.32452e-01 
9.52500e-01, 9.56906e-01, 7.21059e-01, -9.34258e-01 
9.55000e-01, 9.56186e-01, 7.19207e-01, -9.36059e-01 
9.57500e-01, 9.55464e-01, 7.17351e-01, -9.37855e-01 
9.60000e-01, 9.54741e-01, 7.15492e-01, -9.39646e-01 
9.62500e-01, 9.54016e-01, 7.13629e-01, -9.41432e-01 
9.65000e-01, 9.53290e-01, 7.11763e-01, -9.43214e-01 
9.67500e-01, 9.52562e-01, 7.09893e-01, -9.44990e-01 
9.70000e-01, 9.51832e-01, 7.08021e-01, -9.46762e-01 
9.72500e-01, 9.51101e-01, 7.06144e-01, -9.48529e-01 
9.75000e-01, 9.50369e-01, 7.04265e-01, -9.50291e-01 
9.77500e-01, 9.49635e-01, 7.02382e-01, -9.52048e-01 
9.80000e-01, 9.48899e-01, 7.00496e-01, -9.53800e-01 
9.82500e-01, 9.48162e-01, 6.98606e-01, -9.55548e-01 
9.85000e-01, 9.47424e-01, 6.96714e-01, -9.57290e-01 
9.87500e-01, 9.46683e-01, 6.94818e-01, -9.59028e-01 
9.90000e-01, 9.45942e-01, 6.92918e-01, -9.60760e-01 
9.92500e-01, 9.45199e-01, 6.91016e-01, -9.62488e-01 
9.95000e-01, 9.44454e-01, 6.89110e-01, -9.64210e-01 
9.97500e-01, 9.43708e-01, 6.87201e-01, -9.65928e-01 
1.00000e+00, 9.42961e-01, 6.85289e-01, -9.67641e-01 
1.00250e+00, 9.42212e-01, 6.83373e-01, -9.69348e-01 
1.00500e+00, 9.41461e-01, 6.81455e-01, -9.71051e-01 
1.00750e+00, 9.40709e-01, 6.79533e-01, -9.72749e-01 
1.01000e+00, 9.39956e-01, 6.77608e-01, -9.74441e-01 
1.01250e+00, 9.39201e-01, 6.75679e-01, -9.76129e-01 
1.01500e+00, 9.38444e-01, 6.73748e-01, -9.77812e-01 
1.01750e+00, 9.37687e-01, 6.71813e-01, -9.79490e-01 
1.02000e+00, 9.36927e-01, 6.69876e-01, -9.81162e-01 
1.02250e+00, 9.36166e-01, 6.67935e-01, -9.82830e-01 
1.02500e+00, 9.35404e-01, 6.65991e-01, -9.84492e-01 
1.02750e+00, 9.34640e-01, 6.64044e-01, -9.86150e-01 
1.03000e+00, 9.33875e-01, 6.62094e-01, -9.87802e-01 
1.03250e+00, 9.33109e-01, 6.60140e-01, -9.89449e-01 
1.03500e+00, 9.32340e-01, 6.58184e-01, -9.91092e-01 
1.03750e+00, 9.31571e-01, 6.56225e-01, -9.92729e-01 
1.04000e+00, 9.30800e-01, 6.54262e-01, -9.94361e-01 
1.04250e+00, 9.30027e-01, 6.52297e-01, -9.95988e-01 
1.04500e+00, 9.29254e-01, 6.50328e-01, -9.97610e-01 
1.04750e+00, 9.28478e-01, 6.48357e-01, -9.99226e-01 
1.05000e+00, 9.27701e-01, 6.46382e-01, -1.00084e+00 
1.05250e+00, 9.26923e-01, 6.44405e-01, -1.00244e+00 
1.05500e+00, 9.26144e-01, 6.42424e-01, -1.00405e+00 
1.05750e+00, 9.25363e-01, 6.40441e-01, -1.00564e+00 
1.06000e+00, 9.24580e-01, 6.38454e-01, -1.00723e+00 
1.06250e+00, 9.23796e-01, 6.36465e-01, -1.00882e+00 
1.06500e+00, 9.23011e-01, 6.34473e-01, -1.01040e+00 
1.06750e+00, 9.22224e-01, 6.32477e-01, -1.01197e+00 
1.07000e+00, 9.21436e-01, 6.30479e-01, -1.01354e+00 
1.07250e+00, 9.20647e-01, 6.28478e-01, -1.01511e+00 
1.07500e+00, 9.19856e-01, 6.26474e-01, -1.01667e+00 
1.07750e+00, 9.19063e-01, 6.24467e-01, -1.01822e+00 
1.08000e+00, 9.18269e-01, 6.22458e-01, -1.01977e+00 
1.08250e+00, 9.17474e-01, 6.20445e-01, -1.02132e+00 
1.08500e+00, 9.16678e-01, 6.18430e-01, -1.02286e+00 
1.08750e+00, 9.15880e-01, 6.16411e-01, -1.02439e+00 
1.09000e+00, 9.15081e-01, 6.14390e-01, -1.02592e+00 
1.09250e+00, 9.14280e-01, 6.12367e-01, -1.02744e+00 
1.09500e+00, 9.13478e-01, 6.10340e-01, -1.02896e+00 
1.09750e+00, 9.12674e-01, 6.08310e-01, -1.03047e+00 
1.10000e+00, 9.11869e-01, 6.06278e-01, -1.03198e+00 
1.10250e+00, 9.11063e-01, 6.04243e-01, -1.03348e+00 
1.10500e+00, 9.10256e-01, 6.02205e-01, -1.03498e+00 
1.10750e+00, 9.09447e-01, 6.00165e-01, -1.03647e+00 
1.11000e+00, 9.08636e-01, 5.98122e-01, -1.03796e+00 
1.11250e+00, 9.07825e-01, 5.96076e-01, -1.03944e+00 
1.11500e+00, 9.07012e-01, 5.94027e-01, -1.04091e+00 
1.11750e+00, 9.06197e-01, 5.91976e-01, -1.04238e+00 
1.12000e+00, 9.05381e-01, 5.89922e-01, -1.04385e+00 
1.12250e+00, 9.04564e-01, 5.87865e-01, -1.04531e+00 
1.12500e+00, 9.03746e-01, 5.85806e-01, -1.04676e+00 
1.12750e+00, 9.02926e-01, 5.83744e-01, -1.04821e+00 
1.13000e+00, 9.02105e-01, 5.81679e-01, -1.04965e+00 
1.13250e+00, 9.01282e-01, 5.79612e-01, -1.05109e+00 
1.13500e+00, 9.00458e-01, 5.77542e-01, -1.05252e+00 
1.13750e+00, 8.99633e-01, 5.75469e-01, -1.05395e+00 
1.14000e+00, 8.98807e-01, 5.73394e-01, -1.05537e+00 
1.14250e+00, 8.97979e-01, 5.71317e-01, -1.05679e+00 
1.14500e+00, 8.97150e-01, 5.69236e-01, -1.05820e+00 
1.14750e+00, 8.96319e-01, 5.67154e-01, -1.05961e+00 
1.15000e+00, 8.95488e-01, 5.65068e-01, -1.06101e+00 
1.15250e+00, 8.94655e-01, 5.62980e-01, -1.06240e+00 
1.15500e+00, 8.93820e-01, 5.60890e-01, -1.06379e+00 
1.15750e+00, 8.92984e-01, 5.58797e-01, -1.06517e+00 
1.16000e+00, 8.92147e-01, 5.56702e-01, -1.06655e+00 
1.16250e+00, 8.91309e-01, 5.54604e-01, -1.06792e+00 
1.16500e+00, 8.90469e-01, 5.52504e-01, -1.06929e+00 
1.16750e+00, 8.89628e-01, 5.50401e-01, -1.07065e+00 
1.17000e+00, 8.88786e-01, 5.48296e-01, -1.07201e+00 
1.17250e+00, 8.87943e-01, 5.46188e-01, -1.07336e+00 
1.17500e+00, 8.87098e-01, 5.44078e-01, -1.07471e+00 
1.17750e+00, 8.86252e-01, 5.41965e-01, -1.07605e+00 
1.18000e+00, 8.85404e-01, 5.39851e-01, -1.07738e+00 
1.18250e+00, 8.84556e-01, 5.37733e-01, -1.07871e+00 
1.18500e+00, 8.83706e-01, 5.35614e-01, -1.08004e+00 
1.18750e+00, 8.82855e-01, 5.33492e-01, -1.08135e+00 
1.19000e+00, 8.82002e-01, 5.31367e-01, -1.08267e+00 
1.19250e+00, 8.81149e-01, 5.29241e-01, -1.08397e+00 
1.19500e+00, 8.80294e-01, 5.27112e-01, -1.08527e+00 
1.19750e+00, 8.79437e-01, 5.24980e-01, -1.08657e+00 
1.20000e+00, 8.78580e-01, 5.22847e-01, -1.08786e+00 
1.20250e+00, 8.77721e-01, 5.20711e-01, -1.08915e+00 
1.20500e+00, 8.76861e-01, 5.18573e-01, -1.09043e+00 
1.20750e+00, 8.76000e-01, 5.16432e-01, -1.09170e+00 
1.21000e+00, 8.75137e-01, 5.14289e-01, -1.09297e+00 
1.21250e+00, 8.74273e-01, 5.12144e-01, -1.09423e+00 
1.21500e+00, 8.73408e-01, 5.09997e-01, -1.09549e+00 
1.21750e+00, 8.72542e-01, 5.07848e-01, -1.09674e+00 
1.22000e+00, 8.71675e-01, 5.05696e-01, -1.09798e+00 
1.22250e+00, 8.70806e-01, 5.03542e-01, -1.09923e+00 
1.22500e+00, 8.69936e-01, 5.01387e-01, -1.10046e+00 
1.22750e+00, 8.69065e-01, 4.99228e-01, -1.10169e+00 
1.23000e+00, 8.68193e-01, 4.97068e-01, -1.10291e+00 
1.23250e+00, 8.67319e-01, 4.94906e-01, -1.10413e+00 
1.23500e+00, 8.66444e-01, 4.92741e-01, -1.10534e+00 
1.23750e+00, 8.65568e-01, 4.90574e-01, -1.10655e+00 
1.24000e+00, 8.64691e-01, 4.88406e-01, -1.10775e+00 
1.24250e+00, 8.63813e-01, 4.86235e-01, -1.10895e+00 
1.24500e+00, 8.62933e-01, 4.84062e-01, -1.11013e+00 
1.24750e+00, 8.62052e-01, 4.81887e-01, -1.11132e+00 
1.25000e+00, 8.61170e-01, 4.79710e-01, -1.11250e+00 
1.25250e+00, 8.60287e-01, 4.77531e-01, -1.11367e+00 
1.25500e+00, 8.59403e-01, 4.75350e-01, -1.11484e+00 
1.25750e+00, 8.58517e-01, 4.73166e-01, -1.11600e+00 
1.26000e+00, 8.57630e-01, 4.70981e-01, -1.11715e+00 
1.26250e+00, 8.56743e-01, 4.68794e-01, -1.11830e+00 
1.26500e+00, 8.55853e-01, 4.66605e-01, -1.11945e+00 
1.26750e+00, 8.54963e-01, 4.64414e-01, -1.12059e+00 
1.27000e+00, 8.54072e-01, 4.62221e-01, -1.12172e+00 
1.27250e+00, 8.53179e-01, 4.60026e-01, -1.12285e+00 
1.27500e+00, 8.52285e-01, 4.57829e-01, -1.12397e+00 
1.27750e+00, 8.51390e-01, 4.55630e-01, -1.12508e+00 
1.28000e+00, 8.50494e-01, 4.53429e-01, -1.12619e+00 
1.28250e+00, 8.49597e-01, 4.51227e-01, -1.12730e+00 
1.28500e+00, 8.48699e-01, 4.49022e-01, -1.12840e+00 
1.28750e+00, 8.47799e-01, 4.46816e-01, -1.12949e+00 
1.29000e+00, 8.46898e-01, 4.44607e-01, -1.13058e+00 
1.29250e+00, 8.45997e-01, 4.42397e-01, -1.13166e+00 
1.29500e+00, 8.45094e-01, 4.40185e-01, -1.13273e+00 
1.29750e+00, 8.44190e-01, 4.37972e-01, -1.13380e+00 
1.30000e+00, 8.43284e-01, 4.35756e-01, -1.13487e+00 
1.30250e+00, 8.42378e-01, 4.33539e-01, -1.13593e+00 
1.30500e+00, 8.41470e-01, 4.31320e-01, -1.13698e+00 
1.30750e+00, 8.40562e-01, 4.29099e-01, -1.13803e+00 
1.31000e+00, 8.39652e-01, 4.26876e-01, -1.13907e+00 
1.31250e+00, 8.38741e-01, 4.24652e-01, -1.14010e+00 
1.31500e+00, 8.37829e-01, 4.22426e-01, -1.14113e+00 
1.31750e+00, 8.36916e-01, 4.20198e-01, -1.14216e+00 
1.32000e+00, 8.36002e-01, 4.17968e-01, -1.14317e+00 
1.32250e+00, 8.35087e-01, 4.15737e-01, -1.14419e+00 
1.32500e+00, 8.34171e-01, 4.13504e-01, -1.14519e+00 
1.32750e+00, 8.33253e-01, 4.11270e-01, -1.14619e+00 
1.33000e+00, 8.32335e-01, 4.09033e-01, -1.14719e+00 
1.33250e+00, 8.31415e-01, 4.06796e-01, -1.14818e+00 
1.33500e+00, 8.30494e-01, 4.04556e-01, -1.14916e+00 
1.33750e+00, 8.29572e-01, 4.02315e-01, -1.15014e+00 
1.34000e+00, 8.28650e-01, 4.00072e-01, -1.15111e+00 
1.34250e+00, 8.27726e-01, 3.97828e-01, -1.15207e+00 
1.34500e+00, 8.26801e-01, 3.95582e-01, -1.15303e+00 
1.34750e+00, 8.25874e-01, 3.93335e-01, -1.15399e+00 
1.35000e+00, 8.24947e-01, 3.91086e-01, -1.15494e+00 
1.35250e+00, 8.24019e-01, 3.88835e-01, -1.15588e+00 
1.35500e+00, 8.23090e-01, 3.86583e-01, -1.15681e+00 
1.35750e+00, 8.22159e-01, 3.84330e-01, -1.15774e+00 
1.36000e+00, 8.21228e-01, 3.82075e-01, -1.15867e+00 
1.36250e+00, 8.20296e-01, 3.79818e-01, -1.15959e+00 
1.36500e+00, 8.19362e-01, 3.77560e-01, -1.16050e+00 
1.36750e+00, 8.18428e-01, 3.75301e-01, -1.16141e+00 
1.37000e+00, 8.17492e-01, 3.73040e-01, -1.16231e+00 
1.37250e+00, 8.16556e-01, 3.70777e-01, -1.16320e+00 
1.37500e+00, 8.15618e-01, 3.68513e-01, -1.16409e+00 
1.37750e+00, 8.14679e-01, 3.66248e-01, -1.16498e+00 
1.38000e+00, 8.13740e-01, 3.63982e-01, -1.16585e+00 
1.38250e+00, 8.12799e-01, 3.61714e-01, -1.16673e+00 
1.38500e+00, 8.11857e-01, 3.59444e-01, -1.16759e+00 
1.38750e+00, 8.10914e-01, 3.57174e-01, -1.16845e+00 
1.39000e+00, 8.09971e-01, 3.54902e-01, -1.16931e+00 
1.39250e+00, 8.09026e-01, 3.52628e-01, -1.17015e+00 
1.39500e+00, 8.08080e-01, 3.50353e-01, -1.17100e+00 
1.39750e+00, 8.07133e-01, 3.48077e-01, -1.17183e+00 
1.40000e+00, 8.06186e-01, 3.45800e-01, -1.17266e+00 
1.40250e+00, 8.05237e-01, 3.43522e-01, -1.17349e+00 
1.40500e+00, 8.04287e-01, 3.41242e-01, -1.17431e+00 
1.40750e+00, 8.03336e-01, 3.38961e-01, -1.17512e+00 
1.41000e+00, 8.02385e-01, 3.36678e-01, -1.17593e+00 
1.41250e+00, 8.01432e-01, 3.34395e-01, -1.17673e+00 
1.41500e+00, 8.00478e-01, 3.32110e-01, -1.17752e+00 
1.41750e+00, 7.99523e-01, 3.29824e-01, -1.17831e+00 
1.42000e+00, 7.98568e-01, 3.27537e-01, -1.17909e+00 
1.42250e+00, 7.97611e-01, 3.25248e-01, -1.17987e+00 
1.42500e+00, 7.96654e-01, 3.22959e-01, -1.18064e+00 
1.42750e+00, 7.95695e-01, 3.20668e-01, -1.18141e+00 
1.43000e+00, 7.94736e-01, 3.18376e-01, -1.18217e+00 
1.43250e+00, 7.93775e-01, 3.16083e-01, -1.18292e+00 
1.43500e+00, 7.92814e-01, 3.13789e-01, -1.18367e+00 
1.43750e+00, 7.91851e-01, 3.11494e-01, -1.18441e+00 
1.44000e+00, 7.90888e-01, 3.09198e-01, -1.18514e+00 
1.44250e+00, 7.89924e-01, 3.06901e-01, -1.18587e+00 
1.44500e+00, 7.88959e-01, 3.04602e-01, -1.18660e+00 
1.44750e+00, 7.87993e-01, 3.02303e-01, -1.18731e+00 
1.45000e+00, 7.87026e-01, 3.00002e-01, -1.18802e+00 
1.45250e+00, 7.86058e-01, 2.97701e-01, -1.18873e+00 
1.45500e+00, 7.85089e-01, 2.95398e-01, -1.18943e+00 
1.45750e+00, 7.84119e-01, 2.93095e-01, -1.19012e+00 
1.46000e+00, 7.83148e-01, 2.90790e-01, -1.19081e+00 
1.46250e+00, 7.82177e-01, 2.88485e-01, -1.19149e+00 
1.46500e+00, 7.81204e-01, 2.86178e-01, -1.19217e+00 
1.46750e+00, 7.80231e-01, 2.83871e-01, -1.19284e+00 
1.47000e+00, 7.79256e-01, 2.81563e-01, -1.19350e+00 
1.47250e+00, 7.78281e-01, 2.79254e-01, -1.19416e+00 
1.47500e+00, 7.77305e-01, 2.76944e-01, -1.19481e+00 
1.47750e+00, 7.76328e-01, 2.74633e-01, -1.19545e+00 
1.48000e+00, 7.75350e-01, 2.72321e-01, -1.19609e+00 
1.48250e+00, 7.74371e-01, 2.70008e-01, -1.19673e+00 
1.48500e+00, 7.73391e-01, 2.67694e-01, -1.19735e+00 
1.48750e+00, 7.72411e-01, 2.65380e-01, -1.19798e+00 
1.49000e+00, 7.71429e-01, 2.63065e-01, -1.19859e+00 
1.49250e+00, 7.70447e-01, 2.60749e-01, -1.19920e+00 
1.49500e+00, 7.69464e-01, 2.58432e-01, -1.19980e+00 
1.49750e+00, 7.68480e-01, 2.56114e-01, -1.20040e+00 
1.50000e+00, 7.67495e-01, 2.53796e-01, -1.20099e+00 
1.50250e+00, 7.66509e-01, 2.51477e-01, -1.20158e+00 
1.50500e+00, 7.65522e-01, 2.49157e-01, -1.20216e+00 
1.50750e+00, 7.64535e-01, 2.46836e-01, -1.20273e+00 
1.51000e+00, 7.63546e-01, 2.44515e-01, -1.20330e+00 
1.51250e+00, 7.62557e-01, 2.42193e-01, -1.20386e+00 
1.51500e+00, 7.61567e-01, 2.39870e-01, -1.20442e+00 
1.51750e+00, 7.60576e-01, 2.37546e-01, -1.20496e+00 
1.52000e+00, 7.59585e-01, 2.35222e-01, -1.20551e+00 
1.52250e+00, 7.58592e-01, 2.32897e-01, -1.20604e+00 
1.52500e+00, 7.57599e-01, 2.30572e-01, -1.20658e+00 
1.52750e+00, 7.56605e-01, 2.28246e-01, -1.20710e+00 
1.53000e+00, 7.55610e-01, 2.25919e-01, -1.20762e+00 
1.53250e+00, 7.54614e-01, 2.23592e-01, -1.20813e+00 
1.53500e+00, 7.53617e-01, 2.21264e-01, -1.20864e+00 
1.53750e+00, 7.52620e-01, 2.18936e-01, -1.20914e+00 
1.54000e+00, 7.51621e-01, 2.16607e-01, -1.20964e+00 
1.54250e+00, 7.50622e-01, 2.14277e-01, -1.21012e+00 
1.54500e+00, 7.49623e-01, 2.11947e-01, -1.21061e+00 
1.54750e+00, 7.48622e-01, 2.09617e-01, -1.21108e+00 
1.55000e+00, 7.47620e-01, 2.07285e-01, -1.21155e+00 
1.55250e+00, 7.46618e-01, 2.04954e-01, -1.21202e+00 
1.55500e+00, 7.45615e-01, 2.02622e-01, -1.21248e+00 
1.55750e+00, 7.44611e-01, 2.00289e-01, -1.21293e+00 
1.56000e+00, 7.43607e-01, 1.97956e-01, -1.21338e+00 
1.56250e+00, 7.42601e-01, 1.95623e-01, -1.21382e+00 
1.56500e+00, 7.41595e-01, 1.93289e-01, -1.21425e+00 
1.56750e+00, 7.40588e-01, 1.90954e-01, -1.21468e+00 
1.57000e+00, 7.39581e-01, 1.88620e-01, -1.21510e+00 
1.57250e+00, 7.38572e-01, 1.86285e-01, -1.21552e+00 
1.57500e+00, 7.37563e-01, 1.83949e-01, -1.21593e+00 
1.57750e+00, 7.36553e-01, 1.81613e-01, -1.21633e+00 
1.58000e+00, 7.35543e-01, 1.79277e-01, -1.21673e+00 
1.58250e+00, 7.34531e-01, 1.76940e-01, -1.21712e+00 
1.58500e+00, 7.33519e-01, 1.74604e-01, -1.21751e+00 
1.58750e+00, 7.32506e-01, 1.72266e-01, -1.21789e+00 
1.59000e+00, 7.31492e-01, 1.69929e-01, -1.21826e+00 
1.59250e+00, 7.30478e-01, 1.67591e-01, -1.21863e+00 
1.59500e+00, 7.29463e-01, 1.65253e-01, -1.21899e+00 
1.59750e+00, 7.28447e-01, 1.62915e-01, -1.21934e+00 
1.60000e+00, 7.27430e-01, 1.60576e-01, -1.21969e+00 
1.60250e+00, 7.26413e-01, 1.58237e-01, -1.22004e+00 
1.60500e+00, 7.25395e-01, 1.55898e-01, -1.22037e+00 
1.60750e+00, 7.24377e-01, 1.53559e-01, -1.22070e+00 
1.61000e+00, 7.23357e-01, 1.51220e-01, -1.22103e+00 
1.61250e+00, 7.22337e-01, 1.48880e-01, -1.22135e+00 
1.61500e+00, 7.21316e-01, 1.46540e-01, -1.22166e+00 
1.61750e+00, 7.20295e-01, 1.44200e-01, -1.22197e+00 
1.62000e+00, 7.19272e-01, 1.41860e-01, -1.22227e+00 
1.62250e+00, 7.18250e-01, 1.39520e-01, -1.22256e+00 
1.62500e+00, 7.17226e-01, 1.37180e-01, -1.22285e+00 
1.62750e+00, 7.16202e-01, 1.34839e-01, -1.22313e+00 
1.63000e+00, 7.15177e-01, 1.32499e-01, -1.22341e+00 
1.63250e+00, 7.14151e-01, 1.30158e-01, -1.22368e+00 
1.63500e+00, 7.13125e-01, 1.27818e-01, -1.22394e+00 
1.63750e+00, 7.12098e-01, 1.25477e-01, -1.22420e+00 
1.64000e+00, 7.11070e-01, 1.23136e-01, -1.22445e+00 
1.64250e+00, 7.10042e-01, 1.20796e-01, -1.22470e+00 
1.64500e+00, 7.09013e-01, 1.18455e-01, -1.22494e+00 
1.64750e+00, 7.07983e-01, 1.16114e-01, -1.22517e+00 
1.65000e+00, 7.06953e-01, 1.13773e-01, -1.22540e+00 
1.65250e+00, 7.05922e-01, 1.11433e-01, -1.22562e+00 
1.65500e+00, 7.04891e-01, 1.09092e-01, -1.22584e+00 
1.65750e+00, 7.03858e-01, 1.06751e-01, -1.22605e+00 
1.66000e+00, 7.02826e-01, 1.04411e-01, -1.22625e+00 
1.66250e+00, 7.01792e-01, 1.02070e-01, -1.22645e+00 
1.66500e+00, 7.00758e-01, 9.97299e-02, -1.22664e+00 
1.66750e+00, 6.99723e-01, 9.73896e-02, -1.22683e+00 
1.67000e+00, 6.98688e-01, 9.50495e-02, -1.22701e+00 
1.67250e+00, 6.97652e-01, 9.27095e-02, -1.22718e+00 
1.67500e+00, 6.96616e-01, 9.03696e-02, -1.22735e+00 
1.67750e+00, 6.95578e-01, 8.80299e-02, -1.22751e+00 
1.68000e+00, 6.94541e-01, 8.56904e-02, -1.22766e+00 
1.68250e+00, 6.93502e-01, 8.33511e-02, -1.22781e+00 
1.68500e+00, 6.92463e-01, 8.10119e-02, -1.22795e+00 
1.68750e+00, 6.91424e-01, 7.86730e-02, -1.22809e+00 
1.69000e+00, 6.90383e-01, 7.63343e-02, -1.22822e+00 
1.69250e+00, 6.89343e-01, 7.39959e-02, -1.22834e+00 
1.69500e+00, 6.88301e-01, 7.16577e-02, -1.22846e+00 
1.69750e+00, 6.87259e-01, 6.93197e-02, -1.22858e+00 
1.70000e+00, 6.86217e-01, 6.69821e-02, -1.22868e+00 
1.70250e+00, 6.85174e-01, 6.46447e-02, -1.22878e+00 
1.70500e+00, 6.84130e-01, 6.23076e-02, -1.22888e+00 
1.70750e+00, 6.83086e-01, 5.99709e-02, -1.22896e+00 
1.71000e+00, 6.82041e-01, 5.76345e-02, -1.22905e+00 
1.71250e+00, 6.80996e-01, 5.52984e-02, -1.22912e+00 
1.71500e+00, 6.79950e-01, 5.29627e-02, -1.22919e+00 
1.71750e+00, 6.78903e-01, 5.06273e-02, -1.22926e+00 
1.72000e+00, 6.77856e-01, 4.82924e-02, -1.22931e+00 
1.72250e+00, 6.76809e-01, 4.59578e-02, -1.22937e+00 
1.72500e+00, 6.75760e-01, 4.36237e-02, -1.22941e+00 
1.72750e+00, 6.74712e-01, 4.12899e-02, -1.22945e+00 
1.73000e+00, 6.73663e-01, 3.89566e-02, -1.22948e+00 
1.73250e+00, 6.72613e-01, 3.66238e-02, -1.22951e+00 
1.73500e+00, 6.71563e-01, 3.42914e-02, -1.22953e+00 
1.73750e+00, 6.70512e-01, 3.19595e-02, -1.22955e+00 
1.74000e+00, 6.69460e-01, 2.96281e-02, -1.22956e+00 
1.74250e+00, 6.68409e-01, 2.72972e-02, -1.22956e+00 
1.74500e+00, 6.67356e-01, 2.49667e-02, -1.22956e+00 
1.74750e+00, 6.66303e-01, 2.26369e-02, -1.22955e+00 
1.75000e+00, 6.65250e-01, 2.03075e-02, -1.22953e+00 
1.75250e+00, 6.64196e-01, 1.79787e-02, -1.22951e+00 
1.75500e+00, 6.63142e-01, 1.56505e-02, -1.22949e+00 
1.75750e+00, 6.62087e-01, 1.33229e-02, -1.22945e+00 
1.76000e+00, 6.61032e-01, 1.09958e-02, -1.22941e+00 
1.76250e+00, 6.59976e-01, 8.66939e-03, -1.22937e+00 
1.76500e+00, 6.58919e-01, 6.34357e-03, -1.22932e+00 
1.76750e+00, 6.57863e-01, 4.01837e-03, -1.22926e+00 
1.77000e+00, 6.56805e-01, 1.69382e-03, -1.22920e+00 
1.77250e+00, 6.55748e-01, -6.30070e-04, -1.22913e+00 
1.77500e+00, 6.54689e-01, -2.95329e-03, -1.22905e+00 
1.77750e+00, 6.53631e-01, -5.27583e-03, -1.22897e+00 
1.78000e+00, 6.52571e-01, -7.59767e-03, -1.22889e+00 
1.78250e+00, 6.51512e-01, -9.91881e-03, -1.22879e+00 
1.78500e+00, 6.50452e-01, -1.22392e-02, -1.22869e+00 
1.78750e+00, 6.49391e-01, -1.45589e-02, -1.22859e+00 
1.79000e+00, 6.48330e-01, -1.68778e-02, -1.22848e+00 
1.79250e+00, 6.47269e-01, -1.91960e-02, -1.22836e+00 
1.79500e+00, 6.46207e-01, -2.15134e-02, -1.22824e+00 
1.79750e+00, 6.45145e-01, -2.38300e-02, -1.22811e+00 
1.80000e+00, 6.44082e-01, -2.61458e-02, -1.22797e+00 
1.80250e+00, 6.43019e-01, -2.84608e-02, -1.22783e+00 
1.80500e+00, 6.41955e-01, -3.07750e-02, -1.22768e+00 
1.80750e+00, 6.40891e-01, -3.30883e-02, -1.22753e+00 
1.81000e+00, 6.39827e-01, -3.54008e-02, -1.22737e+00 
1.81250e+00, 6.38762e-01, -3.77124e-02, -1.22720e+00 
1.81500e+00, 6.37696e-01, -4.00231e-02, -1.22703e+00 
1.81750e+00, 6.36631e-01, -4.23330e-02, -1.22685e+00 
1.82000e+00, 6.35565e-01, -4.46419e-02, -1.22667e+00 
1.82250e+00, 6.34498e-01, -4.69500e-02, -1.22648e+00 
1.82500e+00, 6.33431e-01, -4.92571e-02, -1.22629e+00 
1.82750e+00, 6.32364e-01, -5.15632e-02, -1.22609e+00 
1.83000e+00, 6.31296e-01, -5.38684e-02, -1.22588e+00 
1.83250e+00, 6.30228e-01, -5.61727e-02, -1.22566e+00 
1.83500e+00, 6.29160e-01, -5.84759e-02, -1.22545e+00 
1.83750e+00, 6.28091e-01, -6.07782e-02, -1.22522e+00 
1.84000e+00, 6.27022e-01, -6.30795e-02, -1.22499e+00 
1.84250e+00, 6.25952e-01, -6.53797e-02, -1.22475e+00 
1.84500e+00, 6.24882e-01, -6.76789e-02, -1.22451e+00 
1.84750e+00, 6.23812e-01, -6.99771e-02, -1.22426e+00 
1.85000e+00, 6.22741e-01, -7.22742e-02, -1.22400e+00 
1.85250e+00, 6.21670e-01, -7.45703e-02, -1.22374e+00 
1.85500e+00, 6.20598e-01, -7.68652e-02, -1.22348e+00 
1.85750e+00, 6.19527e-01, -7.91591e-02, -1.22320e+00 
1.86000e+00, 6.18455e-01, -8.14519e-02, -1.22292e+00 
1.86250e+00, 6.17382e-01, -8.37435e-02, -1.22264e+00 
1.86500e+00, 6.16309e-01, -8.60340e-02, -1.22235e+00 
1.86750e+00, 6.15236e-01, -8.83234e-02, -1.22205e+00 
1.87000e+00, 6.14163e-01, -9.06116e-02, -1.22175e+00 
1.87250e+00, 6.13089e-01, -9.28986e-02, -1.22144e+00 
1.87500e+00, 6.12015e-01, -9.51844e-02, -1.22113e+00 
1.87750e+00, 6.10940e-01, -9.74691e-02, -1.22081e+00 
1.88000e+00, 6.09866e-01, -9.97525e-02, -1.22048e+00 
1.88250e+00, 6.08790e-01, -1.02035e-01, -1.22015e+00 
1.88500e+00, 6.07715e-01, -1.04316e-01, -1.21981e+00 
1.88750e+00, 6.06639e-01, -1.06595e-01, -1.21946e+00 
1.89000e+00, 6.05563e-01, -1.08874e-01, -1.21911e+00 
1.89250e+00, 6.04487e-01, -1.11151e-01, -1.21876e+00 
1.89500e+00, 6.03410e-01, -1.13427e-01, -1.21840e+00 
1.89750e+00, 6.02333e-01, -1.15702e-01, -1.21803e+00 
1.90000e+00, 6.01256e-01, -1.17975e-01, -1.21766e+00 
1.90250e+00, 6.00179e-01, -1.20247e-01, -1.21728e+00 
1.90500e+00, 5.99101e-01, -1.22518e-01, -1.21689e+00 
1.90750e+00, 5.98023e-01, -1.24787e-01, -1.21650e+00 
1.91000e+00, 5.96945e-01, -1.27055e-01, -1.21610e+00 
1.91250e+00, 5.95866e-01, -1.29321e-01, -1.21570e+00 
1.91500e+00, 5.94787e-01, -1.31587e-01, -1.21529e+00 
1.91750e+00, 5.93708e-01, -1.33850e-01, -1.21488e+00 
1.92000e+00, 5.92629e-01, -1.36113e-01, -1.21446e+00 
1.92250e+00, 5.91549e-01, -1.38374e-01, -1.21403e+00 
1.92500e+00, 5.90469e-01, -1.40633e-01, -1.21360e+00 
1.92750e+00, 5.89389e-01, -1.42891e-01, -1.21316e+00 
1.93000e+00, 5.88308e-01, -1.45148e-01, -1.21271e+00 
1.93250e+00, 5.87228e-01, -1.47403e-01, -1.21226e+00 
1.93500e+00, 5.86147e-01, -1.49657e-01, -1.21181e+00 
1.93750e+00, 5.85066e-01, -1.51909e-01, -1.21135e+00 
1.94000e+00, 5.83984e-01, -1.54160e-01, -1.21088e+00 
1.94250e+00, 5.82903e-01, -1.56409e-01, -1.21041e+00 
1.94500e+00, 5.81821e-01, -1.58656e-01, -1.20993e+00 
1.94750e+00, 5.80739e-01, -1.60902e-01, -1.20944e+00 
1.95000e+00, 5.79657e-01, -1.63147e-01, -1.20895e+00 
1.95250e+00, 5.78574e-01, -1.65390e-01, -1.20845e+00 
1.95500e+00, 5.77492e-01, -1.67631e-01, -1.20795e+00 
1.95750e+00, 5.76409e-01, -1.69871e-01, -1.20744e+00 
1.96000e+00, 5.75326e-01, -1.72109e-01, -1.20693e+00 
1.96250e+00, 5.74242e-01, -1.74345e-01, -1.20641e+00 
1.96500e+00, 5.73159e-01, -1.76580e-01, -1.20588e+00 
1.96750e+00, 5.72075e-01, -1.78813e-01, -1.20535e+00 
1.97000e+00, 5.70991e-01, -1.81045e-01, -1.20482e+00 
1.97250e+00, 5.69907e-01, -1.83275e-01, -1.20427e+00 
1.97500e+00, 5.68823e-01, -1.85503e-01, -1.20372e+00 
1.97750e+00, 5.67738e-01, -1.87729e-01, -1.20317e+00 
1.98000e+00, 5.66654e-01, -1.89954e-01, -1.20261e+00 
1.98250e+00, 5.65569e-01, -1.92177e-01, -1.20204e+00 
1.98500e+00, 5.64484e-01, -1.94398e-01, -1.20147e+00 
1.98750e+00, 5.63399e-01, -1.96618e-01, -1.20089e+00 
1.99000e+00, 5.62314e-01, -1.98836e-01, -1.20031e+00 
1.99250e+00, 5.61228e-01, -2.01052e-01, -1.19972e+00 
1.99500e+00, 5.60143e-01, -2.03266e-01, -1.19913e+00 
1.99750e+00, 5.59057e-01, -2.05479e-01, -1.19853e+00 
2.00000e+00, 5.57971e-01, -2.07689e-01, -1.19792e+00 
2.00250e+00, 5.56885e-01, -2.09898e-01, -1.19731e+00 
2.00500e+00, 5.55799e-01, -2.12105e-01, -1.19669e+00 
2.00750e+00, 5.54713e-01, -2.14310e-01, -1.19607e+00 
2.01000e+00, 5.53626e-01, -2.16514e-01, -1.19544e+00 
2.01250e+00, 5.52540e-01, -2.18715e-01, -1.19480e+00 
2.01500e+00, 5.51453e-01, -2.20915e-01, -1.19416e+00 
2.01750e+00, 5.50366e-01, -2.23112e-01, -1.19352e+00 
2.02000e+00, 5.49279e-01, -2.25308e-01, -1.19287e+00 
2.02250e+00, 5.48192e-01, -2.27502e-01, -1.19221e+00 
2.02500e+00, 5.47105e-01, -2.29694e-01, -1.19154e+00 
2.02750e+00, 5.46018e-01, -2.31884e-01, -1.19088e+00 
2.03000e+00, 5.44931e-01, -2.34072e-01, -1.19020e+00 
2.03250e+00, 5.43843e-01, -2.36258e-01, -1.18952e+00 
2.03500e+00, 5.42756e-01, -2.38442e-01, -1.18884e+00 
2.03750e+00, 5.41668e-01, -2.40624e-01, -1.18814e+00 
2.04000e+00, 5.40580e-01, -2.42804e-01, -1.18745e+00 
2.04250e+00, 5.39493e-01, -2.44983e-01, -1.18674e+00 
2.04500e+00, 5.38405e-01, -2.47159e-01, -1.18603e+00 
2.04750e+00, 5.37317e-01, -2.49333e-01, -1.18532e+00 
2.05000e+00, 5.36229e-01, -2.51505e-01, -1.18460e+00 
2.05250e+00, 5.35140e-01, -2.53675e-01, -1.18388e+00 
2.05500e+00, 5.34052e-01, -2.55843e-01, -1.18314e+00 
2.05750e+00, 5.32964e-01, -2.58008e-01, -1.18241e+00 
2.06000e+00, 5.31876e-01, -2.60172e-01, -1.18167e+00 
2.06250e+00, 5.30787e-01, -2.62334e-01, -1.18092e+00 
2.06500e+00, 5.29699e-01, -2.64493e-01, -1.18016e+00 
2.06750e+00, 5.28610e-01, -2.66650e-01, -1.17941e+00 
2.07000e+00, 5.27522e-01, -2.68806e-01, -1.17864e+00 
2.07250e+00, 5.26433e-01, -2.70959e-01, -1.17787e+00 
2.07500e+00, 5.25345e-01, -2.73110e-01, -1.17710e+00 
2.07750e+00, 5.24256e-01, -2.75258e-01, -1.17631e+00 
2.08000e+00, 5.23167e-01, -2.77405e-01, -1.17553e+00 
2.08250e+00, 5.22079e-01, -2.79549e-01, -1.17473e+00 
2.08500e+00, 5.20990e-01, -2.81691e-01, -1.17394e+00 
2.08750e+00, 5.19901e-01, -2.83831e-01, -1.17313e+00 
2.09000e+00, 5.18813e-01, -2.85969e-01, -1.17232e+00 
2.09250e+00, 5.17724e-01, -2.88104e-01, -1.17151e+00 
2.09500e+00, 5.16635e-01, -2.90237e-01, -1.17069e+00 
2.09750e+00, 5.15546e-01, -2.92368e-01, -1.16986e+00 
2.10000e+00, 5.14457e-01, -2.94497e-01, -1.16903e+00 
2.10250e+00, 5.13369e-01, -2.96623e-01, -1.16820e+00 
2.10500e+00, 5.12280e-01, -2.98747e-01, -1.16735e+00 
2.10750e+00, 5.11191e-01, -3.00868e-01, -1.16651e+00 
2.11000e+00, 5.10102e-01, -3.02988e-01, -1.16565e+00 
2.11250e+00, 5.09013e-01, -3.05105e-01, -1.16479e+00 
2.11500e+00, 5.07925e-01, -3.07219e-01, -1.16393e+00 
2.11750e+00, 5.06836e-01, -3.09332e-01, -1.16306e+00 
2.12000e+00, 5.05747e-01, -3.11442e-01, -1.16219e+00 
2.12250e+00, 5.04659e-01, -3.13549e-01, -1.16131e+00 
2.12500e+00, 5.03570e-01, -3.15654e-01, -1.16042e+00 
2.12750e+00, 5.02481e-01, -3.17757e-01, -1.15953e+00 
2.13000e+00, 5.01393e-01, -3.19857e-01, -1.15863e+00 
2.13250e+00, 5.00304e-01, -3.21955e-01, -1.15773e+00 
2.13500e+00, 4.99216e-01, -3.24050e-01, -1.15682e+00 
2.13750e+00, 4.98127e-01, -3.26143e-01, -1.15591e+00 
2.14000e+00, 4.97039e-01, -3.28234e-01, -1.15499e+00 
2.14250e+00, 4.95951e-01, -3.30322e-01, -1.15407e+00 
2.14500e+00, 4.94862e-01, -3.32407e-01, -1.15314e+00 
2.14750e+00, 4.93774e-01, -3.34490e-01, -1.15220e+00 
2.15000e+00, 4.92686e-01, -3.36571e-01, -1.15126e+00 
2.15250e+00, 4.91598e-01, -3.38649e-01, -1.15032e+00 
2.15500e+00, 4.90510e-01, -3.40724e-01, -1.14937e+00 
2.15750e+00, 4.89422e-01, -3.42797e-01, -1.14841e+00 
2.16000e+00, 4.88334e-01, -3.44867e-01, -1.14745e+00 
2.16250e+00, 4.87247e-01, -3.46935e-01, -1.14648e+00 
2.16500e+00, 4.86159e-01, -3.49000e-01, -1.14551e+00 
2.16750e+00, 4.85071e-01, -3.51063e-01, -1.14453e+00 
2.17000e+00, 4.83984e-01, -3.53123e-01, -1.14355e+00 
2.17250e+00, 4.82896e-01, -3.55180e-01, -1.14256e+00 
2.17500e+00, 4.81809e-01, -3.57235e-01, -1.14157e+00 
2.17750e+00, 4.80722e-01, -3.59287e-01, -1.14057e+00 
2.18000e+00, 4.79635e-01, -3.61337e-01, -1.13956e+00 
2.18250e+00, 4.78548e-01, -3.63384e-01, -1.13855e+00 
2.18500e+00, 4.77461e-01, -3.65428e-01, -1.13754e+00 
2.18750e+00, 4.76374e-01, -3.67469e-01, -1.13652e+00 
2.19000e+00, 4.75288e-01, -3.69508e-01, -1.13549e+00 
2.19250e+00, 4.74201e-01, -3.71544e-01, -1.13446e+00 
2.19500e+00, 4.73115e-01, -3.73577e-01, -1.13343e+00 
2.19750e+00, 4.72029e-01, -3.75608e-01, -1.13239e+00 
2.20000e+00, 4.70943e-01, -3.77636e-01, -1.13134e+00 
2.20250e+00, 4.69857e-01, -3.79661e-01, -1.13029e+00 
2.20500e+00, 4.68771e-01, -3.81683e-01, -1.12923e+00 
2.20750e+00, 4.67685e-01, -3.83703e-01, -1.12817e+00 
2.21000e+00, 4.66600e-01, -3.85720e-01, -1.12710e+00 
2.21250e+00, 4.65515e-01, -3.87734e-01, -1.12603e+00 
2.21500e+00, 4.64429e-01, -3.89745e-01, -1.12495e+00 
2.21750e+00, 4.63344e-01, -3.91754e-01, -1.12387e+00 
2.22000e+00, 4.62260e-01, -3.93759e-01, -1.12278e+00 
2.22250e+00, 4.61175e-01, -3.95762e-01, -1.12169e+00 
2.22500e+00, 4.60090e-01, -3.97762e-01, -1.12059e+00 
2.22750e+00, 4.59006e-01, -3.99759e-01, -1.11949e+00 
2.23000e+00, 4.57922e-01, -4.01753e-01, -1.11838e+00 
2.23250e+00, 4.56838e-01, -4.03745e-01, -1.11726e+00 
2.23500e+00, 4.55754e-01, -4.05733e-01, -1.11614e+00 
2.23750e+00, 4.54670e-01, -4.07719e-01, -1.11502e+00 
2.24000e+00, 4.53587e-01, -4.09701e-01, -1.11389e+00 
2.24250e+00, 4.52504e-01, -4.11681e-01, -1.11276e+00 
2.24500e+00, 4.51421e-01, -4.13658e-01, -1.11162e+00 
2.24750e+00, 4.50338e-01, -4.15632e-01, -1.11047e+00 
2.25000e+00, 4.49255e-01, -4.17603e-01, -1.10932e+00 
2.25250e+00, 4.48173e-01, -4.19571e-01, -1.10817e+00 
2.25500e+00, 4.47091e-01, -4.21536e-01, -1.10701e+00 
2.25750e+00, 4.46009e-01, -4.23498e-01, -1.10584e+00 
2.26000e+00, 4.44927e-01, -4.25457e-01, -1.10467e+00 
2.26250e+00, 4.43846e-01, -4.27413e-01, -1.10350e+00 
2.26500e+00, 4.42764e-01, -4.29366e-01, -1.10232e+00 
2.26750e+00, 4.41683e-01, -4.31316e-01, -1.10113e+00 
2.27000e+00, 4.40602e-01, -4.33263e-01, -1.09994e+00 
2.27250e+00, 4.39522e-01, -4.35207e-01, -1.09875e+00 
2.27500e+00, 4.38441e-01, -4.37147e-01, -1.09755e+00 
2.27750e+00, 4.37361e-01, -4.39085e-01, -1.09634e+00 
2.28000e+00, 4.36281e-01, -4.41020e-01, -1.09513e+00 
2.28250e+00, 4.35202e-01, -4.42951e-01, -1.09391e+00 
2.28500e+00, 4.34122e-01, -4.44880e-01, -1.09269e+00 
2.28750e+00, 4.33043e-01, -4.46805e-01, -1.09147e+00 
2.29000e+00, 4.31964e-01, -4.48728e-01, -1.09024e+00 
2.29250e+00, 4.30886e-01, -4.50647e-01, -1.08900e+00 
2.29500e+00, 4.29807e-01, -4.52563e-01, -1.08776e+00 
2.29750e+00, 4.28729e-01, -4.54476e-01, -1.08652e+00 
2.30000e+00, 4.27651e-01, -4.56385e-01, -1.08527e+00 
2.30250e+00, 4.26574e-01, -4.58292e-01, -1.08401e+00 
2.30500e+00, 4.25497e-01, -4.60195e-01, -1.08275e+00 
2.30750e+00, 4.24420e-01, -4.62095e-01, -1.08149e+00 
2.31000e+00, 4.23343e-01, -4.63992e-01, -1.08022e+00 
2.31250e+00, 4.22267e-01, -4.65886e-01, -1.07894e+00 
2.31500e+00, 4.21191e-01, -4.67777e-01, -1.07767e+00 
2.31750e+00, 4.20115e-01, -4.69664e-01, -1.07638e+00 
2.32000e+00, 4.19039e-01, -4.71548e-01, -1.07509e+00 
2.32250e+00, 4.17964e-01, -4.73429e-01, -1.07380e+00 
2.32500e+00, 4.16889e-01, -4.75306e-01, -1.07250e+00 
2.32750e+00, 4.15815e-01, -4.77181e-01, -1.07119e+00 
2.33000e+00, 4.14740e-01, -4.79052e-01, -1.06989e+00 
2.33250e+00, 4.13666e-01, -4.80919e-01, -1.06857e+00 
2.33500e+00, 4.12593e-01, -4.82784e-01, -1.06725e+00 
2.33750e+00, 4.11520e-01, -4.84645e-01, -1.06593e+00 
2.34000e+00, 4.10447e-01, -4.86503e-01, -1.06460e+00 
2.34250e+00, 4.09374e-01, -4.88357e-01, -1.06327e+00 
2.34500e+00, 4.08302e-01, -4.90208e-01, -1.06193e+00 
2.34750e+00, 4.07230e-01, -4.92056e-01, -1.06059e+00 
2.35000e+00, 4.06158e-01, -4.93900e-01, -1.05924e+00 
2.35250e+00, 4.05087e-01, -4.95741e-01, -1.05789e+00 
2.35500e+00, 4.04016e-01, -4.97579e-01, -1.05654e+00 
2.35750e+00, 4.02945e-01, -4.99413e-01, -1.05517e+00 
2.36000e+00, 4.01875e-01, -5.01244e-01, -1.05381e+00 
2.36250e+00, 4.00805e-01, -5.03072e-01, -1.05244e+00 
2.36500e+00, 3.99736e-01, -5.04896e-01, -1.05106e+00 
2.36750e+00, 3.98666e-01, -5.06716e-01, -1.04968e+00 
2.37000e+00, 3.97598e-01, -5.08533e-01, -1.04830e+00 
2.37250e+00, 3.96529e-01, -5.10347e-01, -1.04691e+00 
2.37500e+00, 3.95461e-01, -5.12157e-01, -1.04551e+00 
2.37750e+00, 3.94394e-01, -5.13964e-01, -1.04412e+00 
2.38000e+00, 3.93326e-01, -5.15768e-01, -1.04271e+00 
2.38250e+00, 3.92259e-01, -5.17567e-01, -1.04130e+00 
2.38500e+00, 3.91193e-01, -5.19364e-01, -1.03989e+00 
2.38750e+00, 3.90127e-01, -5.21157e-01, -1.03847e+00 
2.39000e+00, 3.89061e-01, -5.22946e-01, -1.03705e+00 
2.39250e+00, 3.87996e-01, -5.24732e-01, -1.03562e+00 
2.39500e+00, 3.86931e-01, -5.26514e-01, -1.03419e+00 
2.39750e+00, 3.85866e-01, -5.28293e-01, -1.03276e+00 
2.40000e+00, 3.84802e-01, -5.30068e-01, -1.03132e+00 
2.40250e+00, 3.83738e-01, -5.31840e-01, -1.02987e+00 
2.40500e+00, 3.82675e-01, -5.33608e-01, -1.02842e+00 
2.40750e+00, 3.81612e-01, -5.35372e-01, -1.02697e+00 
2.41000e+00, 3.80550e-01, -5.37133e-01, -1.02551e+00 
2.41250e+00, 3.79487e-01, -5.38890e-01, -1.02405e+00 
2.41500e+00, 3.78426e-01, -5.40644e-01, -1.02258e+00 
2.41750e+00, 3.77365e-01, -5.42394e-01, -1.02111e+00 
2.42000e+00, 3.76304e-01, -5.44141e-01, -1.01963e+00 
2.42250e+00, 3.75244e-01, -5.45883e-01, -1.01815e+00 
2.42500e+00, 3.74184e-01, -5.47623e-01, -1.01666e+00 
2.42750e+00, 3.73124e-01, -5.49358e-01, -1.01517e+00 
2.43000e+00, 3.72065e-01, -5.51090e-01, -1.01368e+00 
2.43250e+00, 3.71007e-01, -5.52818e-01, -1.01218e+00 
2.43500e+00, 3.69948e-01, -5.54543e-01, -1.01068e+00 
2.43750e+00, 3.68891e-01, -5.56263e-01, -1.00917e+00 
2.44000e+00, 3.67834e-01, -5.57981e-01, -1.00766e+00 
2.44250e+00, 3.66777e-01, -5.59694e-01, -1.00614e+00 
2.44500e+00, 3.65721e-01, -5.61404e-01, -1.00462e+00 
2.44750e+00, 3.64665e-01, -5.63110e-01, -1.00309e+00 
2.45000e+00, 3.63609e-01, -5.64812e-01, -1.00156e+00 
2.45250e+00, 3.62555e-01, -5.66510e-01, -1.00003e+00 
2.45500e+00, 3.61500e-01, -5.68205e-01, -9.98488e-01 
2.45750e+00, 3.60446e-01, -5.69896e-01, -9.96945e-01 
2.46000e+00, 3.59393e-01, -5.71583e-01, -9.95397e-01 
2.46250e+00, 3.58340e-01, -5.73267e-01, -9.93846e-01 
2.46500e+00, 3.57287e-01, -5.74946e-01, -9.92289e-01 
2.46750e+00, 3.56235e-01, -5.76622e-01, -9.90729e-01 
2.47000e+00, 3.55184e-01, -5.78294e-01, -9.89164e-01 
2.47250e+00, 3.54133e-01, -5.79963e-01, -9.87595e-01 
2.47500e+00, 3.53082e-01, -5.81627e-01, -9.86021e-01 
2.47750e+00, 3.52032e-01, -5.83288e-01, -9.84444e-01 
2.48000e+00, 3.50983e-01, -5.84944e-01, -9.82862e-01 
2.48250e+00, 3.49934e-01, -5.86597e-01, -9.81275e-01 
2.48500e+00, 3.48886e-01, -5.88246e-01, -9.79685e-01 
2.48750e+00, 3.47838e-01, -5.89892e-01, -9.78090e-01 
2.49000e+00, 3.46790e-01, -5.91533e-01, -9.76491e-01 
2.49250e+00, 3.45743e-01, -5.93170e-01, -9.74888e-01 
2.49500e+00, 3.44697e-01, -5.94804e-01, -9.73281e-01 
2.49750e+00, 3.43651e-01, -5.96433e-01, -9.71669e-01 
2.50000e+00, 3.42606e-01, -5.98059e-01, -9.70053e-01 
